{"type":"FeatureCollection","features":[{"type":"Feature","id":1,"geometry":{"type":"Point","coordinates":[-61.118674115522552,13.136849403602112]},"properties":{"OID":1,"CID":1,"longitude":-61.118674120000001,"latitude":13.136849399999999}},{"type":"Feature","id":2,"geometry":{"type":"Point","coordinates":[-62.835502067555808,13.216667010352486]},"properties":{"OID":2,"CID":1,"longitude":-62.835502069999997,"latitude":13.21666701}},{"type":"Feature","id":3,"geometry":{"type":"Point","coordinates":[-61.67913081861564,13.341066473053813]},"properties":{"OID":3,"CID":1,"longitude":-61.679130819999997,"latitude":13.341066469999999}},{"type":"Feature","id":4,"geometry":{"type":"Point","coordinates":[-61.083036295301412,12.378147718608959]},"properties":{"OID":4,"CID":1,"longitude":-61.083036300000003,"latitude":12.378147719999999}},{"type":"Feature","id":5,"geometry":{"type":"Point","coordinates":[-61.484670205781896,13.111159594596799]},"properties":{"OID":5,"CID":1,"longitude":-61.484670209999997,"latitude":13.11115959}},{"type":"Feature","id":6,"geometry":{"type":"Point","coordinates":[-61.990377585494429,13.534963414728617]},"properties":{"OID":6,"CID":1,"longitude":-61.990377590000001,"latitude":13.53496341}},{"type":"Feature","id":7,"geometry":{"type":"Point","coordinates":[-61.150278439032554,12.822526326061363]},"properties":{"OID":7,"CID":1,"longitude":-61.150278440000001,"latitude":12.822526330000001}},{"type":"Feature","id":8,"geometry":{"type":"Point","coordinates":[-62.36880586790754,13.490436798665268]},"properties":{"OID":8,"CID":1,"longitude":-62.368805870000003,"latitude":13.490436799999999}},{"type":"Feature","id":9,"geometry":{"type":"Point","coordinates":[-61.334748445620491,13.301316785888247]},"properties":{"OID":9,"CID":1,"longitude":-61.334748449999999,"latitude":13.30131679}},{"type":"Feature","id":10,"geometry":{"type":"Point","coordinates":[-60.872219743475981,13.431759959923227]},"properties":{"OID":10,"CID":1,"longitude":-60.872219739999998,"latitude":13.431759960000001}},{"type":"Feature","id":11,"geometry":{"type":"Point","coordinates":[-62.414062686494283,13.449747368024514]},"properties":{"OID":11,"CID":1,"longitude":-62.414062690000002,"latitude":13.449747370000001}},{"type":"Feature","id":12,"geometry":{"type":"Point","coordinates":[-60.537639981795557,12.455153392709493]},"properties":{"OID":12,"CID":1,"longitude":-60.537639980000002,"latitude":12.45515339}},{"type":"Feature","id":13,"geometry":{"type":"Point","coordinates":[-61.978393607751705,13.05707273401234]},"properties":{"OID":13,"CID":1,"longitude":-61.978393609999998,"latitude":13.05707273}},{"type":"Feature","id":14,"geometry":{"type":"Point","coordinates":[-61.658191475618381,12.828399389091862]},"properties":{"OID":14,"CID":1,"longitude":-61.658191479999999,"latitude":12.82839939}},{"type":"Feature","id":15,"geometry":{"type":"Point","coordinates":[-61.086639755909616,13.135255920551209]},"properties":{"OID":15,"CID":1,"longitude":-61.086639759999997,"latitude":13.135255920000001}},{"type":"Feature","id":16,"geometry":{"type":"Point","coordinates":[-60.653548977678057,13.330137230537247]},"properties":{"OID":16,"CID":1,"longitude":-60.653548979999997,"latitude":13.33013723}},{"type":"Feature","id":17,"geometry":{"type":"Point","coordinates":[-61.241807170680474,12.596373302189631]},"properties":{"OID":17,"CID":1,"longitude":-61.241807170000001,"latitude":12.5963733}},{"type":"Feature","id":18,"geometry":{"type":"Point","coordinates":[-62.051401566574405,12.785501727008169]},"properties":{"OID":18,"CID":1,"longitude":-62.051401570000003,"latitude":12.78550173}},{"type":"Feature","id":19,"geometry":{"type":"Point","coordinates":[-61.060132348455873,12.58222922227178]},"properties":{"OID":19,"CID":1,"longitude":-61.060132350000003,"latitude":12.58222922}},{"type":"Feature","id":20,"geometry":{"type":"Point","coordinates":[-62.304724986391051,13.651546442068746]},"properties":{"OID":20,"CID":1,"longitude":-62.304724989999997,"latitude":13.651546440000001}},{"type":"Feature","id":21,"geometry":{"type":"Point","coordinates":[-62.434551204576316,13.224076658586682]},"properties":{"OID":21,"CID":1,"longitude":-62.434551200000001,"latitude":13.22407666}},{"type":"Feature","id":22,"geometry":{"type":"Point","coordinates":[-61.656454503964795,13.204127050198961]},"properties":{"OID":22,"CID":1,"longitude":-61.656454500000002,"latitude":13.20412705}},{"type":"Feature","id":23,"geometry":{"type":"Point","coordinates":[-62.124964472240272,13.015633402236984]},"properties":{"OID":23,"CID":1,"longitude":-62.124964470000002,"latitude":13.0156334}},{"type":"Feature","id":24,"geometry":{"type":"Point","coordinates":[-61.973159978888965,13.771695298918447]},"properties":{"OID":24,"CID":1,"longitude":-61.973159979999998,"latitude":13.771695299999999}},{"type":"Feature","id":25,"geometry":{"type":"Point","coordinates":[-62.281575053871265,13.509858600816489]},"properties":{"OID":25,"CID":1,"longitude":-62.281575050000001,"latitude":13.509858599999999}},{"type":"Feature","id":26,"geometry":{"type":"Point","coordinates":[-60.550215479491641,12.428185101070401]},"properties":{"OID":26,"CID":1,"longitude":-60.550215479999999,"latitude":12.4281851}},{"type":"Feature","id":27,"geometry":{"type":"Point","coordinates":[-61.075476371212616,12.77076852259942]},"properties":{"OID":27,"CID":1,"longitude":-61.075476369999997,"latitude":12.770768520000001}},{"type":"Feature","id":28,"geometry":{"type":"Point","coordinates":[-60.508876682779515,12.876224438385723]},"properties":{"OID":28,"CID":1,"longitude":-60.50887668,"latitude":12.87622444}},{"type":"Feature","id":29,"geometry":{"type":"Point","coordinates":[-61.87721781796197,12.730292288808212]},"properties":{"OID":29,"CID":1,"longitude":-61.877217819999998,"latitude":12.73029229}},{"type":"Feature","id":30,"geometry":{"type":"Point","coordinates":[-63.064763362394039,13.655227985730955]},"properties":{"OID":30,"CID":1,"longitude":-63.064763360000001,"latitude":13.65522799}},{"type":"Feature","id":31,"geometry":{"type":"Point","coordinates":[-62.909873528842603,13.293612701830384]},"properties":{"OID":31,"CID":1,"longitude":-62.909873529999999,"latitude":13.293612700000001}},{"type":"Feature","id":32,"geometry":{"type":"Point","coordinates":[-61.439231651724974,12.563025907590085]},"properties":{"OID":32,"CID":1,"longitude":-61.439231650000004,"latitude":12.56302591}},{"type":"Feature","id":33,"geometry":{"type":"Point","coordinates":[-62.30983297508152,13.301509842947491]},"properties":{"OID":33,"CID":1,"longitude":-62.309832980000003,"latitude":13.30150984}},{"type":"Feature","id":34,"geometry":{"type":"Point","coordinates":[-62.307100665601546,13.342416098816061]},"properties":{"OID":34,"CID":1,"longitude":-62.307100669999997,"latitude":13.342416099999999}},{"type":"Feature","id":35,"geometry":{"type":"Point","coordinates":[-61.820576910291003,13.420598837425811]},"properties":{"OID":35,"CID":1,"longitude":-61.82057691,"latitude":13.42059884}},{"type":"Feature","id":36,"geometry":{"type":"Point","coordinates":[-60.829973474952041,12.50976956124047]},"properties":{"OID":36,"CID":1,"longitude":-60.829973469999999,"latitude":12.509769560000001}},{"type":"Feature","id":37,"geometry":{"type":"Point","coordinates":[-61.78210684391285,12.883312613599371]},"properties":{"OID":37,"CID":1,"longitude":-61.782106839999997,"latitude":12.883312610000001}},{"type":"Feature","id":38,"geometry":{"type":"Point","coordinates":[-62.520013835892748,13.69520001923396]},"properties":{"OID":38,"CID":1,"longitude":-62.520013839999997,"latitude":13.69520002}},{"type":"Feature","id":39,"geometry":{"type":"Point","coordinates":[-62.462870200446098,13.360199522070081]},"properties":{"OID":39,"CID":1,"longitude":-62.462870199999998,"latitude":13.36019952}},{"type":"Feature","id":40,"geometry":{"type":"Point","coordinates":[-62.71706313106727,13.885695333079722]},"properties":{"OID":40,"CID":1,"longitude":-62.71706313,"latitude":13.885695330000001}},{"type":"Feature","id":41,"geometry":{"type":"Point","coordinates":[-62.517434760135629,13.758332753743522]},"properties":{"OID":41,"CID":1,"longitude":-62.51743476,"latitude":13.758332749999999}},{"type":"Feature","id":42,"geometry":{"type":"Point","coordinates":[-62.533380385536468,13.137616385942898]},"properties":{"OID":42,"CID":1,"longitude":-62.533380389999998,"latitude":13.13761639}},{"type":"Feature","id":43,"geometry":{"type":"Point","coordinates":[-63.159867192141711,13.387186066057936]},"properties":{"OID":43,"CID":1,"longitude":-63.15986719,"latitude":13.38718607}},{"type":"Feature","id":44,"geometry":{"type":"Point","coordinates":[-62.304796823766004,13.833530065700888]},"properties":{"OID":44,"CID":1,"longitude":-62.30479682,"latitude":13.83353007}},{"type":"Feature","id":45,"geometry":{"type":"Point","coordinates":[-61.803531678710449,13.119589789396592]},"properties":{"OID":45,"CID":1,"longitude":-61.803531679999999,"latitude":13.119589789999999}},{"type":"Feature","id":46,"geometry":{"type":"Point","coordinates":[-61.313791276454722,13.523105329284022]},"properties":{"OID":46,"CID":1,"longitude":-61.313791279999997,"latitude":13.52310533}},{"type":"Feature","id":47,"geometry":{"type":"Point","coordinates":[-62.455808002313496,13.418185676821805]},"properties":{"OID":47,"CID":1,"longitude":-62.455807999999998,"latitude":13.418185680000001}},{"type":"Feature","id":48,"geometry":{"type":"Point","coordinates":[-61.104575338310973,13.433442470522811]},"properties":{"OID":48,"CID":1,"longitude":-61.104575339999997,"latitude":13.433442469999999}},{"type":"Feature","id":49,"geometry":{"type":"Point","coordinates":[-61.870453885656545,13.189771552204601]},"properties":{"OID":49,"CID":1,"longitude":-61.87045389,"latitude":13.18977155}},{"type":"Feature","id":50,"geometry":{"type":"Point","coordinates":[-62.183830620057741,13.635879760046224]},"properties":{"OID":50,"CID":1,"longitude":-62.183830620000002,"latitude":13.63587976}},{"type":"Feature","id":51,"geometry":{"type":"Point","coordinates":[-62.943667471603156,13.464807654766794]},"properties":{"OID":51,"CID":1,"longitude":-62.943667470000001,"latitude":13.464807649999999}},{"type":"Feature","id":52,"geometry":{"type":"Point","coordinates":[-60.859479602554629,12.253057592102731]},"properties":{"OID":52,"CID":1,"longitude":-60.8594796,"latitude":12.253057589999999}},{"type":"Feature","id":53,"geometry":{"type":"Point","coordinates":[-60.963721801448173,12.955896550094495]},"properties":{"OID":53,"CID":1,"longitude":-60.963721800000002,"latitude":12.95589655}},{"type":"Feature","id":54,"geometry":{"type":"Point","coordinates":[-62.168562720538176,12.83828863172017]},"properties":{"OID":54,"CID":1,"longitude":-62.168562719999997,"latitude":12.838288629999999}},{"type":"Feature","id":55,"geometry":{"type":"Point","coordinates":[-61.093978810321197,12.609586791534506]},"properties":{"OID":55,"CID":1,"longitude":-61.093978810000003,"latitude":12.60958679}},{"type":"Feature","id":56,"geometry":{"type":"Point","coordinates":[-60.427417943295708,12.366960726076343]},"properties":{"OID":56,"CID":1,"longitude":-60.427417939999998,"latitude":12.366960730000001}},{"type":"Feature","id":57,"geometry":{"type":"Point","coordinates":[-60.628167126935963,12.18483227345056]},"properties":{"OID":57,"CID":1,"longitude":-60.628167130000001,"latitude":12.184832269999999}},{"type":"Feature","id":58,"geometry":{"type":"Point","coordinates":[-60.671301473543046,13.085632507489352]},"properties":{"OID":58,"CID":1,"longitude":-60.671301470000003,"latitude":13.08563251}},{"type":"Feature","id":59,"geometry":{"type":"Point","coordinates":[-61.523710451735518,12.904546219937711]},"properties":{"OID":59,"CID":1,"longitude":-61.523710450000003,"latitude":12.90454622}},{"type":"Feature","id":60,"geometry":{"type":"Point","coordinates":[-60.449505832689361,13.135247742796622]},"properties":{"OID":60,"CID":1,"longitude":-60.44950583,"latitude":13.135247740000001}},{"type":"Feature","id":61,"geometry":{"type":"Point","coordinates":[-60.465407134315747,12.960668604793648]},"properties":{"OID":61,"CID":1,"longitude":-60.465407130000003,"latitude":12.9606686}},{"type":"Feature","id":62,"geometry":{"type":"Point","coordinates":[-61.83304939188524,13.02987454838747]},"properties":{"OID":62,"CID":1,"longitude":-61.833049389999999,"latitude":13.029874550000001}},{"type":"Feature","id":63,"geometry":{"type":"Point","coordinates":[-62.689024912622685,13.593717994339379]},"properties":{"OID":63,"CID":1,"longitude":-62.689024910000001,"latitude":13.59371799}},{"type":"Feature","id":64,"geometry":{"type":"Point","coordinates":[-62.484166007524493,13.948245154535]},"properties":{"OID":64,"CID":1,"longitude":-62.484166010000003,"latitude":13.94824515}},{"type":"Feature","id":65,"geometry":{"type":"Point","coordinates":[-61.316950376424501,12.582838191441635]},"properties":{"OID":65,"CID":1,"longitude":-61.316950380000002,"latitude":12.58283819}},{"type":"Feature","id":66,"geometry":{"type":"Point","coordinates":[-62.332905155718507,13.028340398778719]},"properties":{"OID":66,"CID":1,"longitude":-62.332905160000003,"latitude":13.028340399999999}},{"type":"Feature","id":67,"geometry":{"type":"Point","coordinates":[-60.590458477982523,12.766616380283942]},"properties":{"OID":67,"CID":1,"longitude":-60.590458480000002,"latitude":12.76661638}},{"type":"Feature","id":68,"geometry":{"type":"Point","coordinates":[-61.536646977852719,12.718857635505795]},"properties":{"OID":68,"CID":1,"longitude":-61.53664698,"latitude":12.71885764}},{"type":"Feature","id":69,"geometry":{"type":"Point","coordinates":[-61.349008619545891,13.404727926269992]},"properties":{"OID":69,"CID":1,"longitude":-61.349008619999999,"latitude":13.40472793}},{"type":"Feature","id":70,"geometry":{"type":"Point","coordinates":[-60.34179800170164,12.473068088299295]},"properties":{"OID":70,"CID":1,"longitude":-60.341797999999997,"latitude":12.47306809}},{"type":"Feature","id":71,"geometry":{"type":"Point","coordinates":[-63.230971094464607,13.448803405480248]},"properties":{"OID":71,"CID":1,"longitude":-63.230971089999997,"latitude":13.44880341}},{"type":"Feature","id":72,"geometry":{"type":"Point","coordinates":[-60.318710080784243,12.473611588391403]},"properties":{"OID":72,"CID":1,"longitude":-60.318710080000002,"latitude":12.473611590000001}},{"type":"Feature","id":73,"geometry":{"type":"Point","coordinates":[-63.135391606774007,13.69099380781493]},"properties":{"OID":73,"CID":1,"longitude":-63.135391609999999,"latitude":13.69099381}},{"type":"Feature","id":74,"geometry":{"type":"Point","coordinates":[-61.033163268031544,12.569187847929898]},"properties":{"OID":74,"CID":1,"longitude":-61.033163270000003,"latitude":12.56918785}},{"type":"Feature","id":75,"geometry":{"type":"Point","coordinates":[-60.935296899596288,13.247364207926193]},"properties":{"OID":75,"CID":1,"longitude":-60.935296899999997,"latitude":13.247364210000001}},{"type":"Feature","id":76,"geometry":{"type":"Point","coordinates":[-60.909463339098401,12.849558970540578]},"properties":{"OID":76,"CID":1,"longitude":-60.909463340000002,"latitude":12.84955897}},{"type":"Feature","id":77,"geometry":{"type":"Point","coordinates":[-60.96812743245227,12.711098315180507]},"properties":{"OID":77,"CID":1,"longitude":-60.968127430000003,"latitude":12.71109832}},{"type":"Feature","id":78,"geometry":{"type":"Point","coordinates":[-62.872306655600575,13.233961805785766]},"properties":{"OID":78,"CID":1,"longitude":-62.87230666,"latitude":13.23396181}},{"type":"Feature","id":79,"geometry":{"type":"Point","coordinates":[-62.07133121936198,13.189943773476635]},"properties":{"OID":79,"CID":1,"longitude":-62.071331219999998,"latitude":13.189943769999999}},{"type":"Feature","id":80,"geometry":{"type":"Point","coordinates":[-60.936332235808997,12.335724401122427]},"properties":{"OID":80,"CID":1,"longitude":-60.936332239999999,"latitude":12.3357244}},{"type":"Feature","id":81,"geometry":{"type":"Point","coordinates":[-61.467770982774368,13.42879551531165]},"properties":{"OID":81,"CID":1,"longitude":-61.467770979999997,"latitude":13.42879552}},{"type":"Feature","id":82,"geometry":{"type":"Point","coordinates":[-60.911314759712461,13.092300473578819]},"properties":{"OID":82,"CID":1,"longitude":-60.911314760000003,"latitude":13.09230047}},{"type":"Feature","id":83,"geometry":{"type":"Point","coordinates":[-62.166557370006942,12.910156231307219]},"properties":{"OID":83,"CID":1,"longitude":-62.16655737,"latitude":12.91015623}},{"type":"Feature","id":84,"geometry":{"type":"Point","coordinates":[-60.686676754078398,12.894162902809079]},"properties":{"OID":84,"CID":1,"longitude":-60.686676749999997,"latitude":12.8941629}},{"type":"Feature","id":85,"geometry":{"type":"Point","coordinates":[-62.724693781314997,13.926869289551991]},"properties":{"OID":85,"CID":1,"longitude":-62.724693780000003,"latitude":13.926869290000001}},{"type":"Feature","id":86,"geometry":{"type":"Point","coordinates":[-61.670939765157698,13.081542561146996]},"properties":{"OID":86,"CID":1,"longitude":-61.670939769999997,"latitude":13.081542560000001}},{"type":"Feature","id":87,"geometry":{"type":"Point","coordinates":[-60.823130031862519,13.350121688223609]},"properties":{"OID":87,"CID":1,"longitude":-60.823130030000002,"latitude":13.35012169}},{"type":"Feature","id":88,"geometry":{"type":"Point","coordinates":[-61.55354222851004,13.222540438328672]},"properties":{"OID":88,"CID":1,"longitude":-61.553542229999998,"latitude":13.22254044}},{"type":"Feature","id":89,"geometry":{"type":"Point","coordinates":[-60.538340731497541,13.084594969336985]},"properties":{"OID":89,"CID":1,"longitude":-60.538340730000002,"latitude":13.084594969999999}},{"type":"Feature","id":90,"geometry":{"type":"Point","coordinates":[-62.184346080554285,13.625666940599535]},"properties":{"OID":90,"CID":1,"longitude":-62.184346079999997,"latitude":13.62566694}},{"type":"Feature","id":91,"geometry":{"type":"Point","coordinates":[-61.835212797397467,13.571940251921301]},"properties":{"OID":91,"CID":1,"longitude":-61.835212800000001,"latitude":13.571940250000001}},{"type":"Feature","id":92,"geometry":{"type":"Point","coordinates":[-62.538789926989708,13.544472883136372]},"properties":{"OID":92,"CID":1,"longitude":-62.53878993,"latitude":13.544472880000001}},{"type":"Feature","id":93,"geometry":{"type":"Point","coordinates":[-61.35922140341598,13.162050641502992]},"properties":{"OID":93,"CID":1,"longitude":-61.359221400000003,"latitude":13.16205064}},{"type":"Feature","id":94,"geometry":{"type":"Point","coordinates":[-61.462350692978752,13.119928295336507]},"properties":{"OID":94,"CID":1,"longitude":-61.462350690000001,"latitude":13.1199283}},{"type":"Feature","id":95,"geometry":{"type":"Point","coordinates":[-63.147305559942041,13.770178863233786]},"properties":{"OID":95,"CID":1,"longitude":-63.14730556,"latitude":13.77017886}},{"type":"Feature","id":96,"geometry":{"type":"Point","coordinates":[-60.750240377569469,13.105433605908571]},"properties":{"OID":96,"CID":1,"longitude":-60.750240380000001,"latitude":13.10543361}},{"type":"Feature","id":97,"geometry":{"type":"Point","coordinates":[-62.809860128487813,13.664173610019231]},"properties":{"OID":97,"CID":1,"longitude":-62.809860129999997,"latitude":13.664173610000001}},{"type":"Feature","id":98,"geometry":{"type":"Point","coordinates":[-62.703216609770621,13.870870129583219]},"properties":{"OID":98,"CID":1,"longitude":-62.703216609999998,"latitude":13.87087013}},{"type":"Feature","id":99,"geometry":{"type":"Point","coordinates":[-62.746468249404359,13.577169586255435]},"properties":{"OID":99,"CID":1,"longitude":-62.74646825,"latitude":13.57716959}},{"type":"Feature","id":100,"geometry":{"type":"Point","coordinates":[-62.08849027467555,13.676305204704354]},"properties":{"OID":100,"CID":1,"longitude":-62.088490270000001,"latitude":13.6763052}},{"type":"Feature","id":101,"geometry":{"type":"Point","coordinates":[-62.225473497391839,13.228909943277694]},"properties":{"OID":101,"CID":1,"longitude":-62.2254735,"latitude":13.228909939999999}},{"type":"Feature","id":102,"geometry":{"type":"Point","coordinates":[-62.03782980578719,13.579932202255469]},"properties":{"OID":102,"CID":1,"longitude":-62.037829809999998,"latitude":13.5799322}},{"type":"Feature","id":103,"geometry":{"type":"Point","coordinates":[-60.814998986763847,12.8735868706506]},"properties":{"OID":103,"CID":1,"longitude":-60.814998989999999,"latitude":12.87358687}},{"type":"Feature","id":104,"geometry":{"type":"Point","coordinates":[-61.994055667356669,13.605535073939157]},"properties":{"OID":104,"CID":1,"longitude":-61.994055670000002,"latitude":13.60553507}},{"type":"Feature","id":105,"geometry":{"type":"Point","coordinates":[-61.148015421135106,13.483050231110518]},"properties":{"OID":105,"CID":1,"longitude":-61.14801542,"latitude":13.48305023}},{"type":"Feature","id":106,"geometry":{"type":"Point","coordinates":[-62.136671831757589,13.517264850665969]},"properties":{"OID":106,"CID":1,"longitude":-62.136671829999997,"latitude":13.51726485}},{"type":"Feature","id":107,"geometry":{"type":"Point","coordinates":[-61.064103223608548,12.337806354144355]},"properties":{"OID":107,"CID":1,"longitude":-61.06410322,"latitude":12.337806349999999}},{"type":"Feature","id":108,"geometry":{"type":"Point","coordinates":[-61.161601033943995,12.593183022289825]},"properties":{"OID":108,"CID":1,"longitude":-61.16160103,"latitude":12.59318302}},{"type":"Feature","id":109,"geometry":{"type":"Point","coordinates":[-61.954565834366306,12.841464338524162]},"properties":{"OID":109,"CID":1,"longitude":-61.95456583,"latitude":12.84146434}},{"type":"Feature","id":110,"geometry":{"type":"Point","coordinates":[-61.816945351279024,13.08665930451124]},"properties":{"OID":110,"CID":1,"longitude":-61.816945349999997,"latitude":13.086659300000001}},{"type":"Feature","id":111,"geometry":{"type":"Point","coordinates":[-62.730541853340497,13.756834182875183]},"properties":{"OID":111,"CID":1,"longitude":-62.730541850000002,"latitude":13.75683418}},{"type":"Feature","id":112,"geometry":{"type":"Point","coordinates":[-62.710750450376828,13.763904513307589]},"properties":{"OID":112,"CID":1,"longitude":-62.710750449999999,"latitude":13.76390451}},{"type":"Feature","id":113,"geometry":{"type":"Point","coordinates":[-60.913823497382829,12.296506226579327]},"properties":{"OID":113,"CID":1,"longitude":-60.913823499999999,"latitude":12.29650623}},{"type":"Feature","id":114,"geometry":{"type":"Point","coordinates":[-61.558705981918401,12.614762704604482]},"properties":{"OID":114,"CID":1,"longitude":-61.558705979999999,"latitude":12.6147627}},{"type":"Feature","id":115,"geometry":{"type":"Point","coordinates":[-61.841456789308012,13.718687226031454]},"properties":{"OID":115,"CID":1,"longitude":-61.841456790000002,"latitude":13.71868723}},{"type":"Feature","id":116,"geometry":{"type":"Point","coordinates":[-61.857551709319182,13.261336561034662]},"properties":{"OID":116,"CID":1,"longitude":-61.857551710000003,"latitude":13.26133656}},{"type":"Feature","id":117,"geometry":{"type":"Point","coordinates":[-60.81145859058352,12.319275701358382]},"properties":{"OID":117,"CID":1,"longitude":-60.811458590000001,"latitude":12.3192757}},{"type":"Feature","id":118,"geometry":{"type":"Point","coordinates":[-62.968254648390399,13.456993870893298]},"properties":{"OID":118,"CID":1,"longitude":-62.968254649999999,"latitude":13.45699387}},{"type":"Feature","id":119,"geometry":{"type":"Point","coordinates":[-60.49236964625873,12.414105924613439]},"properties":{"OID":119,"CID":1,"longitude":-60.492369650000001,"latitude":12.414105920000001}},{"type":"Feature","id":120,"geometry":{"type":"Point","coordinates":[-60.507041555808094,12.251758195759457]},"properties":{"OID":120,"CID":1,"longitude":-60.507041559999998,"latitude":12.251758199999999}},{"type":"Feature","id":121,"geometry":{"type":"Point","coordinates":[-61.500495083235485,13.306864585742256]},"properties":{"OID":121,"CID":1,"longitude":-61.50049508,"latitude":13.30686459}},{"type":"Feature","id":122,"geometry":{"type":"Point","coordinates":[-62.103252567318911,13.343930286471258]},"properties":{"OID":122,"CID":1,"longitude":-62.103252570000002,"latitude":13.343930289999999}},{"type":"Feature","id":123,"geometry":{"type":"Point","coordinates":[-61.118581714812429,13.375257374683773]},"properties":{"OID":123,"CID":1,"longitude":-61.118581710000001,"latitude":13.37525737}},{"type":"Feature","id":124,"geometry":{"type":"Point","coordinates":[-63.050078323068476,13.714640909751578]},"properties":{"OID":124,"CID":1,"longitude":-63.050078319999997,"latitude":13.71464091}},{"type":"Feature","id":125,"geometry":{"type":"Point","coordinates":[-62.714487653961172,13.539253744480961]},"properties":{"OID":125,"CID":1,"longitude":-62.714487650000002,"latitude":13.539253739999999}},{"type":"Feature","id":126,"geometry":{"type":"Point","coordinates":[-60.989326495466166,13.291946078248058]},"properties":{"OID":126,"CID":1,"longitude":-60.989326499999997,"latitude":13.291946080000001}},{"type":"Feature","id":127,"geometry":{"type":"Point","coordinates":[-61.635445959249644,13.248914573367687]},"properties":{"OID":127,"CID":1,"longitude":-61.635445959999998,"latitude":13.24891457}},{"type":"Feature","id":128,"geometry":{"type":"Point","coordinates":[-62.107154838133326,13.748697396601049]},"properties":{"OID":128,"CID":1,"longitude":-62.10715484,"latitude":13.748697399999999}},{"type":"Feature","id":129,"geometry":{"type":"Point","coordinates":[-62.63112249540837,13.23262887537968]},"properties":{"OID":129,"CID":1,"longitude":-62.631122499999996,"latitude":13.23262888}},{"type":"Feature","id":130,"geometry":{"type":"Point","coordinates":[-62.484517942299973,13.392269539990261]},"properties":{"OID":130,"CID":1,"longitude":-62.484517940000003,"latitude":13.392269539999999}},{"type":"Feature","id":131,"geometry":{"type":"Point","coordinates":[-61.659068200792966,13.435668911809195]},"properties":{"OID":131,"CID":1,"longitude":-61.6590682,"latitude":13.43566891}},{"type":"Feature","id":132,"geometry":{"type":"Point","coordinates":[-62.388307080898457,13.63830868853579]},"properties":{"OID":132,"CID":1,"longitude":-62.388307079999997,"latitude":13.638308690000001}},{"type":"Feature","id":133,"geometry":{"type":"Point","coordinates":[-62.858729813043801,13.195401825533999]},"properties":{"OID":133,"CID":1,"longitude":-62.85872981,"latitude":13.19540183}},{"type":"Feature","id":134,"geometry":{"type":"Point","coordinates":[-61.232981933581385,13.400958419690784]},"properties":{"OID":134,"CID":1,"longitude":-61.232981930000001,"latitude":13.40095842}},{"type":"Feature","id":135,"geometry":{"type":"Point","coordinates":[-60.882552774033364,12.90937265572067]},"properties":{"OID":135,"CID":1,"longitude":-60.882552769999997,"latitude":12.909372660000001}},{"type":"Feature","id":136,"geometry":{"type":"Point","coordinates":[-62.589238560557646,13.720866721602228]},"properties":{"OID":136,"CID":1,"longitude":-62.589238559999998,"latitude":13.72086672}},{"type":"Feature","id":137,"geometry":{"type":"Point","coordinates":[-61.492467572566582,13.343594034099542]},"properties":{"OID":137,"CID":1,"longitude":-61.492467570000002,"latitude":13.34359403}},{"type":"Feature","id":138,"geometry":{"type":"Point","coordinates":[-62.453507499515894,13.909801625651495]},"properties":{"OID":138,"CID":1,"longitude":-62.453507500000001,"latitude":13.90980163}},{"type":"Feature","id":139,"geometry":{"type":"Point","coordinates":[-60.390379078218089,12.381816761902794]},"properties":{"OID":139,"CID":1,"longitude":-60.390379080000002,"latitude":12.38181676}},{"type":"Feature","id":140,"geometry":{"type":"Point","coordinates":[-61.338011740281743,12.816037537017099]},"properties":{"OID":140,"CID":1,"longitude":-61.338011739999999,"latitude":12.81603754}},{"type":"Feature","id":141,"geometry":{"type":"Point","coordinates":[-60.65683722214802,12.35051311094168]},"properties":{"OID":141,"CID":1,"longitude":-60.65683722,"latitude":12.35051311}},{"type":"Feature","id":142,"geometry":{"type":"Point","coordinates":[-62.559108067900006,13.406950691080647]},"properties":{"OID":142,"CID":1,"longitude":-62.559108070000001,"latitude":13.40695069}},{"type":"Feature","id":143,"geometry":{"type":"Point","coordinates":[-62.973366418089881,13.823892007324819]},"properties":{"OID":143,"CID":1,"longitude":-62.973366419999998,"latitude":13.82389201}},{"type":"Feature","id":144,"geometry":{"type":"Point","coordinates":[-62.883809997835385,13.251772955833346]},"properties":{"OID":144,"CID":1,"longitude":-62.883809999999997,"latitude":13.25177296}},{"type":"Feature","id":145,"geometry":{"type":"Point","coordinates":[-62.9254245225425,13.392243064013357]},"properties":{"OID":145,"CID":1,"longitude":-62.92542452,"latitude":13.39224306}},{"type":"Feature","id":146,"geometry":{"type":"Point","coordinates":[-61.607571776769205,12.839229942648132]},"properties":{"OID":146,"CID":1,"longitude":-61.607571780000001,"latitude":12.839229939999999}},{"type":"Feature","id":147,"geometry":{"type":"Point","coordinates":[-62.789544809185834,13.724224170346323]},"properties":{"OID":147,"CID":1,"longitude":-62.789544810000002,"latitude":13.724224169999999}},{"type":"Feature","id":148,"geometry":{"type":"Point","coordinates":[-63.164213713101788,13.475046187175673]},"properties":{"OID":148,"CID":1,"longitude":-63.164213709999999,"latitude":13.47504619}},{"type":"Feature","id":149,"geometry":{"type":"Point","coordinates":[-60.854509084848722,12.157224937604058]},"properties":{"OID":149,"CID":1,"longitude":-60.85450908,"latitude":12.157224940000001}},{"type":"Feature","id":150,"geometry":{"type":"Point","coordinates":[-61.456013508942327,12.824815884292653]},"properties":{"OID":150,"CID":1,"longitude":-61.456013509999998,"latitude":12.824815879999999}},{"type":"Feature","id":151,"geometry":{"type":"Point","coordinates":[-62.358006026914445,13.714931093783402]},"properties":{"OID":151,"CID":1,"longitude":-62.358006029999999,"latitude":13.71493109}},{"type":"Feature","id":152,"geometry":{"type":"Point","coordinates":[-62.85027921024912,13.693792404477847]},"properties":{"OID":152,"CID":1,"longitude":-62.850279209999997,"latitude":13.6937924}},{"type":"Feature","id":153,"geometry":{"type":"Point","coordinates":[-62.155075246877445,12.94255751155351]},"properties":{"OID":153,"CID":1,"longitude":-62.155075250000003,"latitude":12.94255751}},{"type":"Feature","id":154,"geometry":{"type":"Point","coordinates":[-60.873131652965299,12.172270704679393]},"properties":{"OID":154,"CID":1,"longitude":-60.873131649999998,"latitude":12.1722707}},{"type":"Feature","id":155,"geometry":{"type":"Point","coordinates":[-61.966680201674215,13.521082708272427]},"properties":{"OID":155,"CID":1,"longitude":-61.966680199999999,"latitude":13.52108271}},{"type":"Feature","id":156,"geometry":{"type":"Point","coordinates":[-62.036775622919819,13.379770231053012]},"properties":{"OID":156,"CID":1,"longitude":-62.03677562,"latitude":13.37977023}},{"type":"Feature","id":157,"geometry":{"type":"Point","coordinates":[-62.493771825808246,13.92792746134228]},"properties":{"OID":157,"CID":1,"longitude":-62.49377183,"latitude":13.927927459999999}},{"type":"Feature","id":158,"geometry":{"type":"Point","coordinates":[-62.427711717667293,13.350705294652531]},"properties":{"OID":158,"CID":1,"longitude":-62.427711719999998,"latitude":13.350705290000001}},{"type":"Feature","id":159,"geometry":{"type":"Point","coordinates":[-62.052021808362319,13.020998408690161]},"properties":{"OID":159,"CID":1,"longitude":-62.052021809999999,"latitude":13.020998410000001}},{"type":"Feature","id":160,"geometry":{"type":"Point","coordinates":[-61.343577788918736,13.139030314865103]},"properties":{"OID":160,"CID":1,"longitude":-61.343577789999998,"latitude":13.139030310000001}},{"type":"Feature","id":161,"geometry":{"type":"Point","coordinates":[-60.50628181553801,13.28135479418661]},"properties":{"OID":161,"CID":1,"longitude":-60.506281819999998,"latitude":13.28135479}},{"type":"Feature","id":162,"geometry":{"type":"Point","coordinates":[-61.103457370566844,12.872806385278595]},"properties":{"OID":162,"CID":1,"longitude":-61.103457370000001,"latitude":12.872806389999999}},{"type":"Feature","id":163,"geometry":{"type":"Point","coordinates":[-62.519570711336151,13.107310181986842]},"properties":{"OID":163,"CID":1,"longitude":-62.519570710000004,"latitude":13.107310180000001}},{"type":"Feature","id":164,"geometry":{"type":"Point","coordinates":[-61.736802941927124,13.648822668845614]},"properties":{"OID":164,"CID":1,"longitude":-61.736802939999997,"latitude":13.648822669999999}},{"type":"Feature","id":165,"geometry":{"type":"Point","coordinates":[-62.745289617530759,13.228174291916789]},"properties":{"OID":165,"CID":1,"longitude":-62.745289620000001,"latitude":13.22817429}},{"type":"Feature","id":166,"geometry":{"type":"Point","coordinates":[-62.408209005388166,13.267179403011188]},"properties":{"OID":166,"CID":1,"longitude":-62.40820901,"latitude":13.2671794}},{"type":"Feature","id":167,"geometry":{"type":"Point","coordinates":[-62.063739202959646,13.023926227217347]},"properties":{"OID":167,"CID":1,"longitude":-62.063739200000001,"latitude":13.023926230000001}},{"type":"Feature","id":168,"geometry":{"type":"Point","coordinates":[-61.161920129905958,12.616697925565502]},"properties":{"OID":168,"CID":1,"longitude":-61.161920129999999,"latitude":12.616697930000001}},{"type":"Feature","id":169,"geometry":{"type":"Point","coordinates":[-62.42386059063692,13.37812072072394]},"properties":{"OID":169,"CID":1,"longitude":-62.423860589999997,"latitude":13.37812072}},{"type":"Feature","id":170,"geometry":{"type":"Point","coordinates":[-60.664781112240391,12.224000843855778]},"properties":{"OID":170,"CID":1,"longitude":-60.66478111,"latitude":12.22400084}},{"type":"Feature","id":171,"geometry":{"type":"Point","coordinates":[-62.471876852316797,13.676554035695924]},"properties":{"OID":171,"CID":1,"longitude":-62.471876850000001,"latitude":13.676554039999999}},{"type":"Feature","id":172,"geometry":{"type":"Point","coordinates":[-61.853273769341122,13.235754768019229]},"properties":{"OID":172,"CID":1,"longitude":-61.853273770000001,"latitude":13.23575477}},{"type":"Feature","id":173,"geometry":{"type":"Point","coordinates":[-62.642098443926386,13.332474765039072]},"properties":{"OID":173,"CID":1,"longitude":-62.642098439999998,"latitude":13.332474769999999}},{"type":"Feature","id":174,"geometry":{"type":"Point","coordinates":[-61.518102730252494,12.676736400436045]},"properties":{"OID":174,"CID":1,"longitude":-61.518102730000003,"latitude":12.676736399999999}},{"type":"Feature","id":175,"geometry":{"type":"Point","coordinates":[-61.915216180781066,13.123522119822407]},"properties":{"OID":175,"CID":1,"longitude":-61.915216180000002,"latitude":13.123522120000001}},{"type":"Feature","id":176,"geometry":{"type":"Point","coordinates":[-61.808678541994837,13.398436815294501]},"properties":{"OID":176,"CID":1,"longitude":-61.808678540000002,"latitude":13.398436820000001}},{"type":"Feature","id":177,"geometry":{"type":"Point","coordinates":[-60.394281912276213,12.932876436438638]},"properties":{"OID":177,"CID":1,"longitude":-60.394281909999997,"latitude":12.932876439999999}},{"type":"Feature","id":178,"geometry":{"type":"Point","coordinates":[-62.801826402375454,13.789467400768784]},"properties":{"OID":178,"CID":1,"longitude":-62.801826400000003,"latitude":13.789467399999999}},{"type":"Feature","id":179,"geometry":{"type":"Point","coordinates":[-62.70823686000729,13.578979439656818]},"properties":{"OID":179,"CID":1,"longitude":-62.70823686,"latitude":13.578979439999999}},{"type":"Feature","id":180,"geometry":{"type":"Point","coordinates":[-61.097026774317257,12.844696380081368]},"properties":{"OID":180,"CID":1,"longitude":-61.097026769999999,"latitude":12.84469638}},{"type":"Feature","id":181,"geometry":{"type":"Point","coordinates":[-60.762612984470422,12.9529142432709]},"properties":{"OID":181,"CID":1,"longitude":-60.76261298,"latitude":12.95291424}},{"type":"Feature","id":182,"geometry":{"type":"Point","coordinates":[-61.390065426107178,13.54503461842609]},"properties":{"OID":182,"CID":1,"longitude":-61.39006543,"latitude":13.545034619999999}},{"type":"Feature","id":183,"geometry":{"type":"Point","coordinates":[-62.43221528839355,13.499876032221849]},"properties":{"OID":183,"CID":1,"longitude":-62.432215290000002,"latitude":13.499876029999999}},{"type":"Feature","id":184,"geometry":{"type":"Point","coordinates":[-62.962600062697312,13.792321965259719]},"properties":{"OID":184,"CID":1,"longitude":-62.96260006,"latitude":13.79232197}},{"type":"Feature","id":185,"geometry":{"type":"Point","coordinates":[-62.324711767539121,13.116243028474553]},"properties":{"OID":185,"CID":1,"longitude":-62.32471177,"latitude":13.11624303}},{"type":"Feature","id":186,"geometry":{"type":"Point","coordinates":[-60.65299777950456,12.573923362944724]},"properties":{"OID":186,"CID":1,"longitude":-60.65299778,"latitude":12.57392336}},{"type":"Feature","id":187,"geometry":{"type":"Point","coordinates":[-62.791298786846049,13.447404392254528]},"properties":{"OID":187,"CID":1,"longitude":-62.791298789999999,"latitude":13.447404390000001}},{"type":"Feature","id":188,"geometry":{"type":"Point","coordinates":[-63.128956571948613,13.404309867472998]},"properties":{"OID":188,"CID":1,"longitude":-63.12895657,"latitude":13.404309870000001}},{"type":"Feature","id":189,"geometry":{"type":"Point","coordinates":[-62.084354897333078,13.666451840325383]},"properties":{"OID":189,"CID":1,"longitude":-62.084354900000001,"latitude":13.666451840000001}},{"type":"Feature","id":190,"geometry":{"type":"Point","coordinates":[-63.23298509577203,13.508619962233125]},"properties":{"OID":190,"CID":1,"longitude":-63.232985100000001,"latitude":13.508619960000001}},{"type":"Feature","id":191,"geometry":{"type":"Point","coordinates":[-60.61106426034511,12.937141670351947]},"properties":{"OID":191,"CID":1,"longitude":-60.611064259999999,"latitude":12.937141670000001}},{"type":"Feature","id":192,"geometry":{"type":"Point","coordinates":[-61.013566253308838,13.425121516864928]},"properties":{"OID":192,"CID":1,"longitude":-61.013566249999997,"latitude":13.425121519999999}},{"type":"Feature","id":193,"geometry":{"type":"Point","coordinates":[-60.980575196003151,13.103095585239048]},"properties":{"OID":193,"CID":1,"longitude":-60.980575199999997,"latitude":13.103095590000001}},{"type":"Feature","id":194,"geometry":{"type":"Point","coordinates":[-61.527088686735695,12.691573417962159]},"properties":{"OID":194,"CID":1,"longitude":-61.527088689999999,"latitude":12.691573419999999}},{"type":"Feature","id":195,"geometry":{"type":"Point","coordinates":[-60.9502571369108,13.064101646387293]},"properties":{"OID":195,"CID":1,"longitude":-60.950257139999998,"latitude":13.06410165}},{"type":"Feature","id":196,"geometry":{"type":"Point","coordinates":[-62.710134127040185,13.272927088221198]},"properties":{"OID":196,"CID":1,"longitude":-62.71013413,"latitude":13.27292709}},{"type":"Feature","id":197,"geometry":{"type":"Point","coordinates":[-60.774328007515408,13.165700386107385]},"properties":{"OID":197,"CID":1,"longitude":-60.774328009999998,"latitude":13.16570039}},{"type":"Feature","id":198,"geometry":{"type":"Point","coordinates":[-61.746947213985415,13.166620280259144]},"properties":{"OID":198,"CID":1,"longitude":-61.746947210000002,"latitude":13.16662028}},{"type":"Feature","id":199,"geometry":{"type":"Point","coordinates":[-61.797454661153346,12.892413755894921]},"properties":{"OID":199,"CID":1,"longitude":-61.79745466,"latitude":12.89241376}},{"type":"Feature","id":200,"geometry":{"type":"Point","coordinates":[-62.638949113135318,13.570078819631918]},"properties":{"OID":200,"CID":1,"longitude":-62.638949109999999,"latitude":13.570078820000001}},{"type":"Feature","id":201,"geometry":{"type":"Point","coordinates":[-61.406171116020282,13.607990615394018]},"properties":{"OID":201,"CID":1,"longitude":-61.406171120000003,"latitude":13.607990620000001}},{"type":"Feature","id":202,"geometry":{"type":"Point","coordinates":[-60.978191046577841,13.421351840574962]},"properties":{"OID":202,"CID":1,"longitude":-60.97819105,"latitude":13.42135184}},{"type":"Feature","id":203,"geometry":{"type":"Point","coordinates":[-60.31596560991197,12.396766816627494]},"properties":{"OID":203,"CID":1,"longitude":-60.315965609999999,"latitude":12.39676682}},{"type":"Feature","id":204,"geometry":{"type":"Point","coordinates":[-60.584562334411238,13.223255946488274]},"properties":{"OID":204,"CID":1,"longitude":-60.584562329999997,"latitude":13.22325595}},{"type":"Feature","id":205,"geometry":{"type":"Point","coordinates":[-61.015479962206371,13.51190117595705]},"properties":{"OID":205,"CID":1,"longitude":-61.01547996,"latitude":13.511901180000001}},{"type":"Feature","id":206,"geometry":{"type":"Point","coordinates":[-62.210547237056318,13.360433075037985]},"properties":{"OID":206,"CID":1,"longitude":-62.210547239999997,"latitude":13.36043308}},{"type":"Feature","id":207,"geometry":{"type":"Point","coordinates":[-60.836114070773391,12.495779670382442]},"properties":{"OID":207,"CID":1,"longitude":-60.836114070000001,"latitude":12.495779669999999}},{"type":"Feature","id":208,"geometry":{"type":"Point","coordinates":[-61.27116345300545,12.748415191745336]},"properties":{"OID":208,"CID":1,"longitude":-61.271163450000003,"latitude":12.748415189999999}},{"type":"Feature","id":209,"geometry":{"type":"Point","coordinates":[-62.734535593312103,13.608137172454345]},"properties":{"OID":209,"CID":1,"longitude":-62.73453559,"latitude":13.608137169999999}},{"type":"Feature","id":210,"geometry":{"type":"Point","coordinates":[-60.761051312756315,12.340218400260451]},"properties":{"OID":210,"CID":1,"longitude":-60.761051309999999,"latitude":12.340218399999999}},{"type":"Feature","id":211,"geometry":{"type":"Point","coordinates":[-62.203690797141242,13.621824406766322]},"properties":{"OID":211,"CID":1,"longitude":-62.203690799999997,"latitude":13.62182441}},{"type":"Feature","id":212,"geometry":{"type":"Point","coordinates":[-60.567285642914591,13.2583135116015]},"properties":{"OID":212,"CID":1,"longitude":-60.567285640000001,"latitude":13.258313510000001}},{"type":"Feature","id":213,"geometry":{"type":"Point","coordinates":[-61.479935990809807,13.124447018526318]},"properties":{"OID":213,"CID":1,"longitude":-61.479935990000001,"latitude":13.12444702}},{"type":"Feature","id":214,"geometry":{"type":"Point","coordinates":[-61.560066601688767,12.673627044870198]},"properties":{"OID":214,"CID":1,"longitude":-61.560066599999999,"latitude":12.67362704}},{"type":"Feature","id":215,"geometry":{"type":"Point","coordinates":[-60.418232179035435,12.6925364273248]},"properties":{"OID":215,"CID":1,"longitude":-60.418232179999997,"latitude":12.692536430000001}},{"type":"Feature","id":216,"geometry":{"type":"Point","coordinates":[-61.560382844601392,13.161303521650435]},"properties":{"OID":216,"CID":1,"longitude":-61.560382840000003,"latitude":13.161303520000001}},{"type":"Feature","id":217,"geometry":{"type":"Point","coordinates":[-60.535634199174652,13.275492788093263]},"properties":{"OID":217,"CID":1,"longitude":-60.535634199999997,"latitude":13.275492789999999}},{"type":"Feature","id":218,"geometry":{"type":"Point","coordinates":[-61.312568084549795,13.225986697845116]},"properties":{"OID":218,"CID":1,"longitude":-61.312568079999998,"latitude":13.2259867}},{"type":"Feature","id":219,"geometry":{"type":"Point","coordinates":[-62.129186842434855,13.236695791627303]},"properties":{"OID":219,"CID":1,"longitude":-62.129186840000003,"latitude":13.236695790000001}},{"type":"Feature","id":220,"geometry":{"type":"Point","coordinates":[-61.636468311213228,13.170109419470046]},"properties":{"OID":220,"CID":1,"longitude":-61.636468309999998,"latitude":13.170109419999999}},{"type":"Feature","id":221,"geometry":{"type":"Point","coordinates":[-62.037188193976974,13.67480332628157]},"properties":{"OID":221,"CID":1,"longitude":-62.037188190000002,"latitude":13.67480333}},{"type":"Feature","id":222,"geometry":{"type":"Point","coordinates":[-62.908152631642714,13.963014882181369]},"properties":{"OID":222,"CID":1,"longitude":-62.908152629999996,"latitude":13.963014879999999}},{"type":"Feature","id":223,"geometry":{"type":"Point","coordinates":[-61.178038930730629,12.399618000640539]},"properties":{"OID":223,"CID":1,"longitude":-61.17803893,"latitude":12.399618}},{"type":"Feature","id":224,"geometry":{"type":"Point","coordinates":[-61.937476555692413,13.61799509194895]},"properties":{"OID":224,"CID":1,"longitude":-61.93747656,"latitude":13.617995090000001}},{"type":"Feature","id":225,"geometry":{"type":"Point","coordinates":[-60.982386455635798,12.861426299250978]},"properties":{"OID":225,"CID":1,"longitude":-60.982386460000001,"latitude":12.8614263}},{"type":"Feature","id":226,"geometry":{"type":"Point","coordinates":[-60.677095034000466,13.272083727435616]},"properties":{"OID":226,"CID":1,"longitude":-60.677095029999997,"latitude":13.27208373}},{"type":"Feature","id":227,"geometry":{"type":"Point","coordinates":[-62.409740679659969,13.585171709235793]},"properties":{"OID":227,"CID":1,"longitude":-62.409740679999999,"latitude":13.585171709999999}},{"type":"Feature","id":228,"geometry":{"type":"Point","coordinates":[-62.052352587812869,12.963376397189881]},"properties":{"OID":228,"CID":1,"longitude":-62.052352589999998,"latitude":12.9633764}},{"type":"Feature","id":229,"geometry":{"type":"Point","coordinates":[-61.159461320599078,12.782470136942193]},"properties":{"OID":229,"CID":1,"longitude":-61.159461319999998,"latitude":12.782470139999999}},{"type":"Feature","id":230,"geometry":{"type":"Point","coordinates":[-61.001260782000642,12.530800700008939]},"properties":{"OID":230,"CID":1,"longitude":-61.001260780000003,"latitude":12.5308007}},{"type":"Feature","id":231,"geometry":{"type":"Point","coordinates":[-62.735556119000748,13.90408066652323]},"properties":{"OID":231,"CID":1,"longitude":-62.735556119999998,"latitude":13.904080670000001}},{"type":"Feature","id":232,"geometry":{"type":"Point","coordinates":[-62.566461959785123,13.088173967812967]},"properties":{"OID":232,"CID":1,"longitude":-62.566461959999998,"latitude":13.08817397}},{"type":"Feature","id":233,"geometry":{"type":"Point","coordinates":[-60.92403765028542,12.210420446650955]},"properties":{"OID":233,"CID":1,"longitude":-60.924037650000002,"latitude":12.210420450000001}},{"type":"Feature","id":234,"geometry":{"type":"Point","coordinates":[-62.50261935639773,13.852189765862379]},"properties":{"OID":234,"CID":1,"longitude":-62.502619359999997,"latitude":13.852189770000001}},{"type":"Feature","id":235,"geometry":{"type":"Point","coordinates":[-62.929293913220889,13.602561196191596]},"properties":{"OID":235,"CID":1,"longitude":-62.929293909999998,"latitude":13.6025612}},{"type":"Feature","id":236,"geometry":{"type":"Point","coordinates":[-61.225908785883803,12.579844179038854]},"properties":{"OID":236,"CID":1,"longitude":-61.225908789999998,"latitude":12.57984418}},{"type":"Feature","id":237,"geometry":{"type":"Point","coordinates":[-61.002883895785232,13.072925670464837]},"properties":{"OID":237,"CID":1,"longitude":-61.0028839,"latitude":13.07292567}},{"type":"Feature","id":238,"geometry":{"type":"Point","coordinates":[-60.707128211265072,12.630548715623192]},"properties":{"OID":238,"CID":1,"longitude":-60.70712821,"latitude":12.63054872}},{"type":"Feature","id":239,"geometry":{"type":"Point","coordinates":[-62.214001283578256,13.609714839863578]},"properties":{"OID":239,"CID":1,"longitude":-62.214001279999998,"latitude":13.609714840000001}},{"type":"Feature","id":240,"geometry":{"type":"Point","coordinates":[-62.7094475895843,13.73751470563403]},"properties":{"OID":240,"CID":1,"longitude":-62.709447590000003,"latitude":13.737514709999999}},{"type":"Feature","id":241,"geometry":{"type":"Point","coordinates":[-62.09299896759557,13.830277965426951]},"properties":{"OID":241,"CID":1,"longitude":-62.092998969999996,"latitude":13.830277969999999}},{"type":"Feature","id":242,"geometry":{"type":"Point","coordinates":[-61.687805666058075,13.534561597694365]},"properties":{"OID":242,"CID":1,"longitude":-61.687805670000003,"latitude":13.5345616}},{"type":"Feature","id":243,"geometry":{"type":"Point","coordinates":[-61.481581458271926,12.796865513816574]},"properties":{"OID":243,"CID":1,"longitude":-61.481581460000001,"latitude":12.79686551}},{"type":"Feature","id":244,"geometry":{"type":"Point","coordinates":[-62.676193622344421,13.279126172683156]},"properties":{"OID":244,"CID":1,"longitude":-62.676193619999999,"latitude":13.27912617}},{"type":"Feature","id":245,"geometry":{"type":"Point","coordinates":[-61.337661077520693,13.075390478731645]},"properties":{"OID":245,"CID":1,"longitude":-61.337661079999997,"latitude":13.075390479999999}},{"type":"Feature","id":246,"geometry":{"type":"Point","coordinates":[-62.167961292167256,13.806589469262002]},"properties":{"OID":246,"CID":1,"longitude":-62.167961290000001,"latitude":13.80658947}},{"type":"Feature","id":247,"geometry":{"type":"Point","coordinates":[-61.924165386287662,13.640490375093011]},"properties":{"OID":247,"CID":1,"longitude":-61.924165389999999,"latitude":13.640490379999999}},{"type":"Feature","id":248,"geometry":{"type":"Point","coordinates":[-62.176991709867117,13.093011729072435]},"properties":{"OID":248,"CID":1,"longitude":-62.176991710000003,"latitude":13.093011730000001}},{"type":"Feature","id":249,"geometry":{"type":"Point","coordinates":[-61.742970821380283,13.661888406593675]},"properties":{"OID":249,"CID":1,"longitude":-61.742970819999996,"latitude":13.66188841}},{"type":"Feature","id":250,"geometry":{"type":"Point","coordinates":[-62.310713688775955,13.900967646832012]},"properties":{"OID":250,"CID":1,"longitude":-62.31071369,"latitude":13.90096765}},{"type":"Feature","id":251,"geometry":{"type":"Point","coordinates":[-61.606953859821225,13.275186769754292]},"properties":{"OID":251,"CID":1,"longitude":-61.606953859999997,"latitude":13.275186769999999}},{"type":"Feature","id":252,"geometry":{"type":"Point","coordinates":[-61.428346651341258,13.158695588836997]},"properties":{"OID":252,"CID":1,"longitude":-61.428346650000002,"latitude":13.158695590000001}},{"type":"Feature","id":253,"geometry":{"type":"Point","coordinates":[-62.846419118032209,13.403142081415373]},"properties":{"OID":253,"CID":1,"longitude":-62.84641912,"latitude":13.40314208}},{"type":"Feature","id":254,"geometry":{"type":"Point","coordinates":[-63.049214604600905,13.766987381398394]},"properties":{"OID":254,"CID":1,"longitude":-63.049214599999999,"latitude":13.76698738}},{"type":"Feature","id":255,"geometry":{"type":"Point","coordinates":[-63.215941355394854,13.402241555419048]},"properties":{"OID":255,"CID":1,"longitude":-63.215941360000002,"latitude":13.40224156}},{"type":"Feature","id":256,"geometry":{"type":"Point","coordinates":[-62.188562860532848,13.061951761243083]},"properties":{"OID":256,"CID":1,"longitude":-62.188562859999998,"latitude":13.061951759999999}},{"type":"Feature","id":257,"geometry":{"type":"Point","coordinates":[-60.969512258226274,12.289642059805361]},"properties":{"OID":257,"CID":1,"longitude":-60.969512260000002,"latitude":12.28964206}},{"type":"Feature","id":258,"geometry":{"type":"Point","coordinates":[-60.929201153962126,13.394218836480265]},"properties":{"OID":258,"CID":1,"longitude":-60.929201149999997,"latitude":13.394218840000001}},{"type":"Feature","id":259,"geometry":{"type":"Point","coordinates":[-60.690402843706046,13.234047656800863]},"properties":{"OID":259,"CID":1,"longitude":-60.690402839999997,"latitude":13.23404766}},{"type":"Feature","id":260,"geometry":{"type":"Point","coordinates":[-61.252420557353197,13.547516055386474]},"properties":{"OID":260,"CID":1,"longitude":-61.252420559999997,"latitude":13.54751606}},{"type":"Feature","id":261,"geometry":{"type":"Point","coordinates":[-62.698267333627932,13.445425085119924]},"properties":{"OID":261,"CID":1,"longitude":-62.69826733,"latitude":13.445425090000001}},{"type":"Feature","id":262,"geometry":{"type":"Point","coordinates":[-60.854857729095329,12.518991677929705]},"properties":{"OID":262,"CID":1,"longitude":-60.854857729999999,"latitude":12.518991679999999}},{"type":"Feature","id":263,"geometry":{"type":"Point","coordinates":[-60.485492320513302,13.010777086914654]},"properties":{"OID":263,"CID":1,"longitude":-60.485492319999999,"latitude":13.010777089999999}},{"type":"Feature","id":264,"geometry":{"type":"Point","coordinates":[-60.810996343589473,12.88321408074607]},"properties":{"OID":264,"CID":1,"longitude":-60.810996340000003,"latitude":12.88321408}},{"type":"Feature","id":265,"geometry":{"type":"Point","coordinates":[-61.690954706693283,13.146204728099905]},"properties":{"OID":265,"CID":1,"longitude":-61.69095471,"latitude":13.146204729999999}},{"type":"Feature","id":266,"geometry":{"type":"Point","coordinates":[-61.312032498197617,13.145655744739496]},"properties":{"OID":266,"CID":1,"longitude":-61.312032500000001,"latitude":13.14565574}},{"type":"Feature","id":267,"geometry":{"type":"Point","coordinates":[-60.993503410009026,12.842533040091521]},"properties":{"OID":267,"CID":1,"longitude":-60.993503410000002,"latitude":12.842533039999999}},{"type":"Feature","id":268,"geometry":{"type":"Point","coordinates":[-61.544660062476467,13.606763171175666]},"properties":{"OID":268,"CID":1,"longitude":-61.544660059999998,"latitude":13.606763170000001}},{"type":"Feature","id":269,"geometry":{"type":"Point","coordinates":[-62.301274899642856,13.406328791732182]},"properties":{"OID":269,"CID":1,"longitude":-62.301274900000003,"latitude":13.40632879}},{"type":"Feature","id":270,"geometry":{"type":"Point","coordinates":[-62.135895993677615,13.044224468665426]},"properties":{"OID":270,"CID":1,"longitude":-62.135895990000002,"latitude":13.04422447}},{"type":"Feature","id":271,"geometry":{"type":"Point","coordinates":[-62.640789050585106,13.81329081928296]},"properties":{"OID":271,"CID":1,"longitude":-62.640789050000002,"latitude":13.813290820000001}},{"type":"Feature","id":272,"geometry":{"type":"Point","coordinates":[-60.356282724803684,12.443167858073956]},"properties":{"OID":272,"CID":1,"longitude":-60.356282720000003,"latitude":12.443167860000001}},{"type":"Feature","id":273,"geometry":{"type":"Point","coordinates":[-62.375998949678696,12.954758657838939]},"properties":{"OID":273,"CID":1,"longitude":-62.375998950000003,"latitude":12.95475866}},{"type":"Feature","id":274,"geometry":{"type":"Point","coordinates":[-61.203293167701759,13.444353997842736]},"properties":{"OID":274,"CID":1,"longitude":-61.203293170000002,"latitude":13.444354000000001}},{"type":"Feature","id":275,"geometry":{"type":"Point","coordinates":[-61.426029005094755,13.194331115405104]},"properties":{"OID":275,"CID":1,"longitude":-61.426029010000001,"latitude":13.194331119999999}},{"type":"Feature","id":276,"geometry":{"type":"Point","coordinates":[-62.789575677993945,13.57640457206252]},"properties":{"OID":276,"CID":1,"longitude":-62.789575679999999,"latitude":13.576404569999999}},{"type":"Feature","id":277,"geometry":{"type":"Point","coordinates":[-60.536042990121111,12.624047726153178]},"properties":{"OID":277,"CID":1,"longitude":-60.536042989999999,"latitude":12.624047729999999}},{"type":"Feature","id":278,"geometry":{"type":"Point","coordinates":[-61.016201237514295,13.43746475734263]},"properties":{"OID":278,"CID":1,"longitude":-61.016201240000001,"latitude":13.437464759999999}},{"type":"Feature","id":279,"geometry":{"type":"Point","coordinates":[-62.32931651102426,12.922447058054221]},"properties":{"OID":279,"CID":1,"longitude":-62.329316509999998,"latitude":12.92244706}},{"type":"Feature","id":280,"geometry":{"type":"Point","coordinates":[-61.294380713357455,12.7591484966892]},"properties":{"OID":280,"CID":1,"longitude":-61.294380709999999,"latitude":12.7591485}},{"type":"Feature","id":281,"geometry":{"type":"Point","coordinates":[-62.203207646350521,13.74153632623408]},"properties":{"OID":281,"CID":1,"longitude":-62.203207650000003,"latitude":13.741536330000001}},{"type":"Feature","id":282,"geometry":{"type":"Point","coordinates":[-60.923605179748073,13.455659853703244]},"properties":{"OID":282,"CID":1,"longitude":-60.923605180000003,"latitude":13.45565985}},{"type":"Feature","id":283,"geometry":{"type":"Point","coordinates":[-62.2235130743029,13.239943751667134]},"properties":{"OID":283,"CID":1,"longitude":-62.223513070000003,"latitude":13.23994375}},{"type":"Feature","id":284,"geometry":{"type":"Point","coordinates":[-61.959158688648664,13.284681518351599]},"properties":{"OID":284,"CID":1,"longitude":-61.959158690000002,"latitude":13.284681519999999}},{"type":"Feature","id":285,"geometry":{"type":"Point","coordinates":[-60.745298067861796,12.396692997552488]},"properties":{"OID":285,"CID":1,"longitude":-60.745298069999997,"latitude":12.396693000000001}},{"type":"Feature","id":286,"geometry":{"type":"Point","coordinates":[-60.435409834865268,13.01185789312882]},"properties":{"OID":286,"CID":1,"longitude":-60.435409829999998,"latitude":13.01185789}},{"type":"Feature","id":287,"geometry":{"type":"Point","coordinates":[-62.306457448501909,12.991800754412488]},"properties":{"OID":287,"CID":1,"longitude":-62.306457450000003,"latitude":12.991800749999999}},{"type":"Feature","id":288,"geometry":{"type":"Point","coordinates":[-61.456752127125114,13.640125584343712]},"properties":{"OID":288,"CID":1,"longitude":-61.456752129999998,"latitude":13.640125579999999}},{"type":"Feature","id":289,"geometry":{"type":"Point","coordinates":[-61.934603381392748,12.853722130290659]},"properties":{"OID":289,"CID":1,"longitude":-61.934603379999999,"latitude":12.85372213}},{"type":"Feature","id":290,"geometry":{"type":"Point","coordinates":[-61.411849206132743,13.461459135395106]},"properties":{"OID":290,"CID":1,"longitude":-61.41184921,"latitude":13.461459140000001}},{"type":"Feature","id":291,"geometry":{"type":"Point","coordinates":[-62.712023256234914,13.773480112250104]},"properties":{"OID":291,"CID":1,"longitude":-62.712023260000002,"latitude":13.773480109999999}},{"type":"Feature","id":292,"geometry":{"type":"Point","coordinates":[-62.493989395973422,13.234401761796828]},"properties":{"OID":292,"CID":1,"longitude":-62.493989399999997,"latitude":13.234401760000001}},{"type":"Feature","id":293,"geometry":{"type":"Point","coordinates":[-62.397113475834459,13.620816406742698]},"properties":{"OID":293,"CID":1,"longitude":-62.397113480000002,"latitude":13.62081641}},{"type":"Feature","id":294,"geometry":{"type":"Point","coordinates":[-62.33223008346058,13.341077320386001]},"properties":{"OID":294,"CID":1,"longitude":-62.332230080000002,"latitude":13.34107732}},{"type":"Feature","id":295,"geometry":{"type":"Point","coordinates":[-60.910349789434264,13.204078581959404]},"properties":{"OID":295,"CID":1,"longitude":-60.910349789999998,"latitude":13.204078579999999}},{"type":"Feature","id":296,"geometry":{"type":"Point","coordinates":[-61.423777555701534,13.625370620598019]},"properties":{"OID":296,"CID":1,"longitude":-61.423777559999998,"latitude":13.62537062}},{"type":"Feature","id":297,"geometry":{"type":"Point","coordinates":[-61.388646828170067,12.817006326319202]},"properties":{"OID":297,"CID":1,"longitude":-61.388646829999999,"latitude":12.81700633}},{"type":"Feature","id":298,"geometry":{"type":"Point","coordinates":[-62.122737236935549,12.981589524949724]},"properties":{"OID":298,"CID":1,"longitude":-62.122737239999999,"latitude":12.98158952}},{"type":"Feature","id":299,"geometry":{"type":"Point","coordinates":[-60.653755355733111,13.230593394065721]},"properties":{"OID":299,"CID":1,"longitude":-60.653755359999998,"latitude":13.230593389999999}},{"type":"Feature","id":300,"geometry":{"type":"Point","coordinates":[-61.139634964187714,12.609201812312781]},"properties":{"OID":300,"CID":1,"longitude":-61.139634960000002,"latitude":12.60920181}},{"type":"Feature","id":301,"geometry":{"type":"Point","coordinates":[-62.054340806573343,13.701085617122491]},"properties":{"OID":301,"CID":1,"longitude":-62.054340809999999,"latitude":13.701085620000001}},{"type":"Feature","id":302,"geometry":{"type":"Point","coordinates":[-61.211104105335451,13.05169579556542]},"properties":{"OID":302,"CID":1,"longitude":-61.211104110000001,"latitude":13.051695799999999}},{"type":"Feature","id":303,"geometry":{"type":"Point","coordinates":[-62.90539977499725,14.028886945223233]},"properties":{"OID":303,"CID":1,"longitude":-62.905399770000002,"latitude":14.02888695}},{"type":"Feature","id":304,"geometry":{"type":"Point","coordinates":[-61.620634208061681,13.572173850233129]},"properties":{"OID":304,"CID":1,"longitude":-61.620634209999999,"latitude":13.57217385}},{"type":"Feature","id":305,"geometry":{"type":"Point","coordinates":[-61.392016723211142,12.554843591664744]},"properties":{"OID":305,"CID":1,"longitude":-61.392016720000001,"latitude":12.554843590000001}},{"type":"Feature","id":306,"geometry":{"type":"Point","coordinates":[-62.863156197825901,13.958327605264953]},"properties":{"OID":306,"CID":1,"longitude":-62.863156199999999,"latitude":13.95832761}},{"type":"Feature","id":307,"geometry":{"type":"Point","coordinates":[-62.181118881099465,13.234626004663093]},"properties":{"OID":307,"CID":1,"longitude":-62.18111888,"latitude":13.234626}},{"type":"Feature","id":308,"geometry":{"type":"Point","coordinates":[-61.785997666597297,13.530305357206608]},"properties":{"OID":308,"CID":1,"longitude":-61.78599767,"latitude":13.53030536}},{"type":"Feature","id":309,"geometry":{"type":"Point","coordinates":[-61.863441312256867,13.415230478148382]},"properties":{"OID":309,"CID":1,"longitude":-61.863441309999999,"latitude":13.41523048}},{"type":"Feature","id":310,"geometry":{"type":"Point","coordinates":[-63.108056573364166,13.436107952855517]},"properties":{"OID":310,"CID":1,"longitude":-63.108056570000002,"latitude":13.43610795}},{"type":"Feature","id":311,"geometry":{"type":"Point","coordinates":[-61.637952187027096,12.613716218753336]},"properties":{"OID":311,"CID":1,"longitude":-61.63795219,"latitude":12.613716220000001}},{"type":"Feature","id":312,"geometry":{"type":"Point","coordinates":[-61.372486904268328,12.868123737841463]},"properties":{"OID":312,"CID":1,"longitude":-61.372486899999998,"latitude":12.86812374}},{"type":"Feature","id":313,"geometry":{"type":"Point","coordinates":[-62.640717718961646,13.425192133536079]},"properties":{"OID":313,"CID":1,"longitude":-62.640717719999998,"latitude":13.425192129999999}},{"type":"Feature","id":314,"geometry":{"type":"Point","coordinates":[-61.429715188862517,12.553355283690326]},"properties":{"OID":314,"CID":1,"longitude":-61.429715190000003,"latitude":12.55335528}},{"type":"Feature","id":315,"geometry":{"type":"Point","coordinates":[-63.294806712552337,13.64250704605973]},"properties":{"OID":315,"CID":1,"longitude":-63.294806710000003,"latitude":13.642507050000001}},{"type":"Feature","id":316,"geometry":{"type":"Point","coordinates":[-61.167265387917482,12.712007366327303]},"properties":{"OID":316,"CID":1,"longitude":-61.167265389999997,"latitude":12.71200737}},{"type":"Feature","id":317,"geometry":{"type":"Point","coordinates":[-63.000072166371844,13.781929396395162]},"properties":{"OID":317,"CID":1,"longitude":-63.000072170000003,"latitude":13.781929399999999}},{"type":"Feature","id":318,"geometry":{"type":"Point","coordinates":[-61.70376896581211,13.259661374517076]},"properties":{"OID":318,"CID":1,"longitude":-61.703768969999999,"latitude":13.25966137}},{"type":"Feature","id":319,"geometry":{"type":"Point","coordinates":[-61.693694937517442,12.849278628221136]},"properties":{"OID":319,"CID":1,"longitude":-61.69369494,"latitude":12.849278630000001}},{"type":"Feature","id":320,"geometry":{"type":"Point","coordinates":[-60.993569262807569,12.69329515846851]},"properties":{"OID":320,"CID":1,"longitude":-60.993569260000001,"latitude":12.69329516}},{"type":"Feature","id":321,"geometry":{"type":"Point","coordinates":[-61.116120715412876,13.203549913664927]},"properties":{"OID":321,"CID":1,"longitude":-61.116120719999998,"latitude":13.20354991}},{"type":"Feature","id":322,"geometry":{"type":"Point","coordinates":[-62.138261159904339,12.987755022472124]},"properties":{"OID":322,"CID":1,"longitude":-62.138261159999999,"latitude":12.98775502}},{"type":"Feature","id":323,"geometry":{"type":"Point","coordinates":[-62.969592958500677,13.729498035575901]},"properties":{"OID":323,"CID":1,"longitude":-62.96959296,"latitude":13.729498039999999}},{"type":"Feature","id":324,"geometry":{"type":"Point","coordinates":[-60.588007628647375,12.310772891900646]},"properties":{"OID":324,"CID":1,"longitude":-60.58800763,"latitude":12.310772890000001}},{"type":"Feature","id":325,"geometry":{"type":"Point","coordinates":[-61.099464531605477,12.781122662622211]},"properties":{"OID":325,"CID":1,"longitude":-61.099464529999999,"latitude":12.781122659999999}},{"type":"Feature","id":326,"geometry":{"type":"Point","coordinates":[-62.180898983399366,12.955925306882511]},"properties":{"OID":326,"CID":1,"longitude":-62.180898980000002,"latitude":12.95592531}},{"type":"Feature","id":327,"geometry":{"type":"Point","coordinates":[-60.511280925721103,12.462554478861916]},"properties":{"OID":327,"CID":1,"longitude":-60.511280929999998,"latitude":12.46255448}},{"type":"Feature","id":328,"geometry":{"type":"Point","coordinates":[-61.748591510942724,13.111401425079812]},"properties":{"OID":328,"CID":1,"longitude":-61.748591509999997,"latitude":13.111401430000001}},{"type":"Feature","id":329,"geometry":{"type":"Point","coordinates":[-62.263707396681802,13.009404622938948]},"properties":{"OID":329,"CID":1,"longitude":-62.263707400000001,"latitude":13.00940462}},{"type":"Feature","id":330,"geometry":{"type":"Point","coordinates":[-62.134093686655092,13.369606556801344]},"properties":{"OID":330,"CID":1,"longitude":-62.13409369,"latitude":13.369606559999999}},{"type":"Feature","id":331,"geometry":{"type":"Point","coordinates":[-61.825185724941022,13.065420927643977]},"properties":{"OID":331,"CID":1,"longitude":-61.82518572,"latitude":13.06542093}},{"type":"Feature","id":332,"geometry":{"type":"Point","coordinates":[-60.705565936781412,13.273280952178276]},"properties":{"OID":332,"CID":1,"longitude":-60.70556594,"latitude":13.27328095}},{"type":"Feature","id":333,"geometry":{"type":"Point","coordinates":[-61.9259188231621,13.748256331939221]},"properties":{"OID":333,"CID":1,"longitude":-61.92591882,"latitude":13.74825633}},{"type":"Feature","id":334,"geometry":{"type":"Point","coordinates":[-61.702632683215974,13.175014011809878]},"properties":{"OID":334,"CID":1,"longitude":-61.702632680000001,"latitude":13.17501401}},{"type":"Feature","id":335,"geometry":{"type":"Point","coordinates":[-60.388777444050277,13.141178998174848]},"properties":{"OID":335,"CID":1,"longitude":-60.388777439999998,"latitude":13.141178999999999}},{"type":"Feature","id":336,"geometry":{"type":"Point","coordinates":[-61.279262559402511,12.841830345414191]},"properties":{"OID":336,"CID":1,"longitude":-61.279262559999999,"latitude":12.84183035}},{"type":"Feature","id":337,"geometry":{"type":"Point","coordinates":[-60.386020678835003,12.852967677740061]},"properties":{"OID":337,"CID":1,"longitude":-60.386020680000001,"latitude":12.852967680000001}},{"type":"Feature","id":338,"geometry":{"type":"Point","coordinates":[-61.426556373658705,13.38418190854458]},"properties":{"OID":338,"CID":1,"longitude":-61.42655637,"latitude":13.384181910000001}},{"type":"Feature","id":339,"geometry":{"type":"Point","coordinates":[-61.242223351168441,13.478508244165726]},"properties":{"OID":339,"CID":1,"longitude":-61.242223350000003,"latitude":13.47850824}},{"type":"Feature","id":340,"geometry":{"type":"Point","coordinates":[-61.53705203270588,13.071736688080323]},"properties":{"OID":340,"CID":1,"longitude":-61.537052029999998,"latitude":13.07173669}},{"type":"Feature","id":341,"geometry":{"type":"Point","coordinates":[-61.502498100841933,13.54932754862925]},"properties":{"OID":341,"CID":1,"longitude":-61.502498099999997,"latitude":13.549327549999999}},{"type":"Feature","id":342,"geometry":{"type":"Point","coordinates":[-60.522986939562109,12.628524200674619]},"properties":{"OID":342,"CID":1,"longitude":-60.522986940000003,"latitude":12.628524199999999}},{"type":"Feature","id":343,"geometry":{"type":"Point","coordinates":[-61.391149027003479,12.770217927561921]},"properties":{"OID":343,"CID":1,"longitude":-61.391149030000001,"latitude":12.770217929999999}},{"type":"Feature","id":344,"geometry":{"type":"Point","coordinates":[-62.408211398500093,13.426049586269931]},"properties":{"OID":344,"CID":1,"longitude":-62.408211399999999,"latitude":13.42604959}},{"type":"Feature","id":345,"geometry":{"type":"Point","coordinates":[-60.708727305895593,12.285926116262466]},"properties":{"OID":345,"CID":1,"longitude":-60.70872731,"latitude":12.285926119999999}},{"type":"Feature","id":346,"geometry":{"type":"Point","coordinates":[-62.980270732819697,13.712162313026175]},"properties":{"OID":346,"CID":1,"longitude":-62.980270730000001,"latitude":13.71216231}},{"type":"Feature","id":347,"geometry":{"type":"Point","coordinates":[-62.227402433631752,13.120463065530059]},"properties":{"OID":347,"CID":1,"longitude":-62.227402429999998,"latitude":13.12046307}},{"type":"Feature","id":348,"geometry":{"type":"Point","coordinates":[-60.952923409437602,12.725402101080824]},"properties":{"OID":348,"CID":1,"longitude":-60.952923409999997,"latitude":12.7254021}},{"type":"Feature","id":349,"geometry":{"type":"Point","coordinates":[-62.751788582759993,14.045996501731125]},"properties":{"OID":349,"CID":1,"longitude":-62.751788580000003,"latitude":14.045996499999999}},{"type":"Feature","id":350,"geometry":{"type":"Point","coordinates":[-62.75517579103154,13.690965911675731]},"properties":{"OID":350,"CID":1,"longitude":-62.755175790000003,"latitude":13.690965909999999}},{"type":"Feature","id":351,"geometry":{"type":"Point","coordinates":[-62.266276169660941,13.140590017772563]},"properties":{"OID":351,"CID":1,"longitude":-62.266276169999998,"latitude":13.140590019999999}},{"type":"Feature","id":352,"geometry":{"type":"Point","coordinates":[-62.06606165070135,13.581667108915406]},"properties":{"OID":352,"CID":1,"longitude":-62.066061650000002,"latitude":13.58166711}},{"type":"Feature","id":353,"geometry":{"type":"Point","coordinates":[-62.120588106551509,13.096219873006113]},"properties":{"OID":353,"CID":1,"longitude":-62.12058811,"latitude":13.096219870000001}},{"type":"Feature","id":354,"geometry":{"type":"Point","coordinates":[-62.250531107520338,13.026479491784476]},"properties":{"OID":354,"CID":1,"longitude":-62.250531109999997,"latitude":13.02647949}},{"type":"Feature","id":355,"geometry":{"type":"Point","coordinates":[-62.538854630842984,13.611912983565471]},"properties":{"OID":355,"CID":1,"longitude":-62.538854630000003,"latitude":13.61191298}},{"type":"Feature","id":356,"geometry":{"type":"Point","coordinates":[-61.543574638898434,13.254220075456969]},"properties":{"OID":356,"CID":1,"longitude":-61.543574640000003,"latitude":13.25422008}},{"type":"Feature","id":357,"geometry":{"type":"Point","coordinates":[-62.536961800589282,13.575666603643825]},"properties":{"OID":357,"CID":1,"longitude":-62.5369618,"latitude":13.5756666}},{"type":"Feature","id":358,"geometry":{"type":"Point","coordinates":[-60.690087870112919,12.236439526581639]},"properties":{"OID":358,"CID":1,"longitude":-60.690087869999999,"latitude":12.23643953}},{"type":"Feature","id":359,"geometry":{"type":"Point","coordinates":[-61.332570932066709,12.713606658499343]},"properties":{"OID":359,"CID":1,"longitude":-61.332570930000003,"latitude":12.71360666}},{"type":"Feature","id":360,"geometry":{"type":"Point","coordinates":[-61.756534985115117,13.450784868617443]},"properties":{"OID":360,"CID":1,"longitude":-61.756534989999999,"latitude":13.45078487}},{"type":"Feature","id":361,"geometry":{"type":"Point","coordinates":[-60.91758456920428,13.229306927167093]},"properties":{"OID":361,"CID":1,"longitude":-60.917584570000002,"latitude":13.22930693}},{"type":"Feature","id":362,"geometry":{"type":"Point","coordinates":[-60.781354393410879,12.501891422854172]},"properties":{"OID":362,"CID":1,"longitude":-60.781354389999997,"latitude":12.50189142}},{"type":"Feature","id":363,"geometry":{"type":"Point","coordinates":[-62.034233949417867,12.910084901562145]},"properties":{"OID":363,"CID":1,"longitude":-62.034233950000001,"latitude":12.910084899999999}},{"type":"Feature","id":364,"geometry":{"type":"Point","coordinates":[-60.910260566963615,12.324702001182226]},"properties":{"OID":364,"CID":1,"longitude":-60.910260569999998,"latitude":12.324702}},{"type":"Feature","id":365,"geometry":{"type":"Point","coordinates":[-62.008205567691057,13.079321240763511]},"properties":{"OID":365,"CID":1,"longitude":-62.008205570000001,"latitude":13.079321240000001}},{"type":"Feature","id":366,"geometry":{"type":"Point","coordinates":[-61.065900585405437,12.353109778093794]},"properties":{"OID":366,"CID":1,"longitude":-61.065900589999998,"latitude":12.35310978}},{"type":"Feature","id":367,"geometry":{"type":"Point","coordinates":[-61.180943523607361,12.630603100503453]},"properties":{"OID":367,"CID":1,"longitude":-61.18094352,"latitude":12.6306031}},{"type":"Feature","id":368,"geometry":{"type":"Point","coordinates":[-60.575791684338711,12.871176056017243]},"properties":{"OID":368,"CID":1,"longitude":-60.575791680000002,"latitude":12.87117606}},{"type":"Feature","id":369,"geometry":{"type":"Point","coordinates":[-62.921327338870974,14.008661176983715]},"properties":{"OID":369,"CID":1,"longitude":-62.921327339999998,"latitude":14.008661180000001}},{"type":"Feature","id":370,"geometry":{"type":"Point","coordinates":[-63.10159708010854,13.372007230873985]},"properties":{"OID":370,"CID":1,"longitude":-63.101597079999998,"latitude":13.372007229999999}},{"type":"Feature","id":371,"geometry":{"type":"Point","coordinates":[-61.09439129603841,13.532548605474148]},"properties":{"OID":371,"CID":1,"longitude":-61.094391299999998,"latitude":13.532548609999999}},{"type":"Feature","id":372,"geometry":{"type":"Point","coordinates":[-60.80603362326022,13.076358220002035]},"properties":{"OID":372,"CID":1,"longitude":-60.806033620000001,"latitude":13.076358219999999}},{"type":"Feature","id":373,"geometry":{"type":"Point","coordinates":[-61.417334620193202,12.583025773146616]},"properties":{"OID":373,"CID":1,"longitude":-61.417334619999998,"latitude":12.583025770000001}},{"type":"Feature","id":374,"geometry":{"type":"Point","coordinates":[-61.297669691751011,13.27239347559467]},"properties":{"OID":374,"CID":1,"longitude":-61.297669689999999,"latitude":13.27239348}},{"type":"Feature","id":375,"geometry":{"type":"Point","coordinates":[-60.642928165531195,12.255127720592741]},"properties":{"OID":375,"CID":1,"longitude":-60.642928169999998,"latitude":12.255127720000001}},{"type":"Feature","id":376,"geometry":{"type":"Point","coordinates":[-62.131592058251883,13.296480782939149]},"properties":{"OID":376,"CID":1,"longitude":-62.131592060000003,"latitude":13.29648078}},{"type":"Feature","id":377,"geometry":{"type":"Point","coordinates":[-60.635207046849501,13.139169065045321]},"properties":{"OID":377,"CID":1,"longitude":-60.635207049999998,"latitude":13.139169069999999}},{"type":"Feature","id":378,"geometry":{"type":"Point","coordinates":[-61.950264120474259,13.416565963371092]},"properties":{"OID":378,"CID":1,"longitude":-61.95026412,"latitude":13.41656596}},{"type":"Feature","id":379,"geometry":{"type":"Point","coordinates":[-61.566126880937198,12.681926583463641]},"properties":{"OID":379,"CID":1,"longitude":-61.566126879999999,"latitude":12.681926580000001}},{"type":"Feature","id":380,"geometry":{"type":"Point","coordinates":[-62.682608742418267,13.950770285055251]},"properties":{"OID":380,"CID":1,"longitude":-62.682608739999999,"latitude":13.950770289999999}},{"type":"Feature","id":381,"geometry":{"type":"Point","coordinates":[-62.306746743752633,13.752124741736052]},"properties":{"OID":381,"CID":1,"longitude":-62.306746740000001,"latitude":13.752124739999999}},{"type":"Feature","id":382,"geometry":{"type":"Point","coordinates":[-61.377553908222254,12.58141481436339]},"properties":{"OID":382,"CID":1,"longitude":-61.377553910000003,"latitude":12.58141481}},{"type":"Feature","id":383,"geometry":{"type":"Point","coordinates":[-62.537057684966072,13.019644903522405]},"properties":{"OID":383,"CID":1,"longitude":-62.537057679999997,"latitude":13.019644899999999}},{"type":"Feature","id":384,"geometry":{"type":"Point","coordinates":[-60.959184703798854,12.911716761971869]},"properties":{"OID":384,"CID":1,"longitude":-60.959184700000002,"latitude":12.911716759999999}},{"type":"Feature","id":385,"geometry":{"type":"Point","coordinates":[-63.217960884036238,13.389823158706003]},"properties":{"OID":385,"CID":1,"longitude":-63.21796088,"latitude":13.389823160000001}},{"type":"Feature","id":386,"geometry":{"type":"Point","coordinates":[-61.564596804768264,13.094466287435068]},"properties":{"OID":386,"CID":1,"longitude":-61.564596799999997,"latitude":13.09446629}},{"type":"Feature","id":387,"geometry":{"type":"Point","coordinates":[-60.677342526149445,12.447123554200095]},"properties":{"OID":387,"CID":1,"longitude":-60.677342529999997,"latitude":12.447123550000001}},{"type":"Feature","id":388,"geometry":{"type":"Point","coordinates":[-62.753701940416249,13.704374526787939]},"properties":{"OID":388,"CID":1,"longitude":-62.753701939999999,"latitude":13.704374530000001}},{"type":"Feature","id":389,"geometry":{"type":"Point","coordinates":[-62.470901455293102,13.7413461904698]},"properties":{"OID":389,"CID":1,"longitude":-62.47090146,"latitude":13.74134619}},{"type":"Feature","id":390,"geometry":{"type":"Point","coordinates":[-62.431344016891067,13.83366368510405]},"properties":{"OID":390,"CID":1,"longitude":-62.431344019999997,"latitude":13.83366369}},{"type":"Feature","id":391,"geometry":{"type":"Point","coordinates":[-60.727467591941945,12.268194404545348]},"properties":{"OID":391,"CID":1,"longitude":-60.727467590000003,"latitude":12.2681944}},{"type":"Feature","id":392,"geometry":{"type":"Point","coordinates":[-61.02561843653784,12.263603622317168]},"properties":{"OID":392,"CID":1,"longitude":-61.025618440000002,"latitude":12.26360362}},{"type":"Feature","id":393,"geometry":{"type":"Point","coordinates":[-60.646703691245555,13.255973899482802]},"properties":{"OID":393,"CID":1,"longitude":-60.646703690000002,"latitude":13.255973900000001}},{"type":"Feature","id":394,"geometry":{"type":"Point","coordinates":[-61.558921388042066,12.775664243277884]},"properties":{"OID":394,"CID":1,"longitude":-61.558921390000002,"latitude":12.775664239999999}},{"type":"Feature","id":395,"geometry":{"type":"Point","coordinates":[-62.330113031017028,13.353290161913559]},"properties":{"OID":395,"CID":1,"longitude":-62.33011303,"latitude":13.35329016}},{"type":"Feature","id":396,"geometry":{"type":"Point","coordinates":[-60.741922531400732,12.441660828085995]},"properties":{"OID":396,"CID":1,"longitude":-60.741922529999997,"latitude":12.44166083}},{"type":"Feature","id":397,"geometry":{"type":"Point","coordinates":[-62.385201977762094,13.533174566036024]},"properties":{"OID":397,"CID":1,"longitude":-62.385201979999998,"latitude":13.53317457}},{"type":"Feature","id":398,"geometry":{"type":"Point","coordinates":[-61.062398288572957,12.983847551533456]},"properties":{"OID":398,"CID":1,"longitude":-61.062398289999997,"latitude":12.98384755}},{"type":"Feature","id":399,"geometry":{"type":"Point","coordinates":[-61.35774693116651,13.562442963220152]},"properties":{"OID":399,"CID":1,"longitude":-61.357746929999998,"latitude":13.56244296}},{"type":"Feature","id":400,"geometry":{"type":"Point","coordinates":[-62.576630374965013,13.736435101593944]},"properties":{"OID":400,"CID":1,"longitude":-62.576630369999997,"latitude":13.7364351}},{"type":"Feature","id":401,"geometry":{"type":"Point","coordinates":[-61.026368813667716,12.787997856611257]},"properties":{"OID":401,"CID":1,"longitude":-61.026368810000001,"latitude":12.787997860000001}},{"type":"Feature","id":402,"geometry":{"type":"Point","coordinates":[-61.136794513717206,13.522533248260467]},"properties":{"OID":402,"CID":1,"longitude":-61.136794510000001,"latitude":13.52253325}},{"type":"Feature","id":403,"geometry":{"type":"Point","coordinates":[-62.277853844790563,13.573240609904783]},"properties":{"OID":403,"CID":1,"longitude":-62.277853839999999,"latitude":13.573240609999999}},{"type":"Feature","id":404,"geometry":{"type":"Point","coordinates":[-61.296936632343176,13.372536494868474]},"properties":{"OID":404,"CID":1,"longitude":-61.296936629999998,"latitude":13.37253649}},{"type":"Feature","id":405,"geometry":{"type":"Point","coordinates":[-61.146042789941461,12.84801110512443]},"properties":{"OID":405,"CID":1,"longitude":-61.146042790000003,"latitude":12.84801111}},{"type":"Feature","id":406,"geometry":{"type":"Point","coordinates":[-61.700853433251829,12.872336612255795]},"properties":{"OID":406,"CID":1,"longitude":-61.700853430000002,"latitude":12.87233661}},{"type":"Feature","id":407,"geometry":{"type":"Point","coordinates":[-62.447925428527491,12.970120643941076]},"properties":{"OID":407,"CID":1,"longitude":-62.447925429999998,"latitude":12.970120639999999}},{"type":"Feature","id":408,"geometry":{"type":"Point","coordinates":[-60.677308572526655,12.879065050284714]},"properties":{"OID":408,"CID":1,"longitude":-60.677308570000001,"latitude":12.879065049999999}},{"type":"Feature","id":409,"geometry":{"type":"Point","coordinates":[-61.255549181976953,13.028623092226503]},"properties":{"OID":409,"CID":1,"longitude":-61.255549180000003,"latitude":13.02862309}},{"type":"Feature","id":410,"geometry":{"type":"Point","coordinates":[-61.500238476779643,12.751145696197742]},"properties":{"OID":410,"CID":1,"longitude":-61.50023848,"latitude":12.7511457}},{"type":"Feature","id":411,"geometry":{"type":"Point","coordinates":[-63.033044820790607,13.735027956573111]},"properties":{"OID":411,"CID":1,"longitude":-63.033044820000001,"latitude":13.73502796}},{"type":"Feature","id":412,"geometry":{"type":"Point","coordinates":[-62.067882759462769,12.958456013348361]},"properties":{"OID":412,"CID":1,"longitude":-62.067882760000003,"latitude":12.958456010000001}},{"type":"Feature","id":413,"geometry":{"type":"Point","coordinates":[-61.19087534859257,12.985378168254314]},"properties":{"OID":413,"CID":1,"longitude":-61.190875349999999,"latitude":12.985378170000001}},{"type":"Feature","id":414,"geometry":{"type":"Point","coordinates":[-62.007755260205442,13.31449413611368]},"properties":{"OID":414,"CID":1,"longitude":-62.007755260000003,"latitude":13.314494140000001}},{"type":"Feature","id":415,"geometry":{"type":"Point","coordinates":[-62.451542792361359,13.865523162851812]},"properties":{"OID":415,"CID":1,"longitude":-62.451542789999998,"latitude":13.86552316}},{"type":"Feature","id":416,"geometry":{"type":"Point","coordinates":[-61.979470616810445,13.400944210415958]},"properties":{"OID":416,"CID":1,"longitude":-61.979470620000001,"latitude":13.40094421}},{"type":"Feature","id":417,"geometry":{"type":"Point","coordinates":[-61.606661403399023,13.623401114274738]},"properties":{"OID":417,"CID":1,"longitude":-61.6066614,"latitude":13.62340111}},{"type":"Feature","id":418,"geometry":{"type":"Point","coordinates":[-62.537095467208616,13.951835262235983]},"properties":{"OID":418,"CID":1,"longitude":-62.537095469999997,"latitude":13.951835259999999}},{"type":"Feature","id":419,"geometry":{"type":"Point","coordinates":[-61.954065884181446,12.961858816142556]},"properties":{"OID":419,"CID":1,"longitude":-61.954065880000002,"latitude":12.96185882}},{"type":"Feature","id":420,"geometry":{"type":"Point","coordinates":[-62.071636752559769,13.409548691609993]},"properties":{"OID":420,"CID":1,"longitude":-62.071636750000003,"latitude":13.409548689999999}},{"type":"Feature","id":421,"geometry":{"type":"Point","coordinates":[-62.329598815585456,13.293946297555728]},"properties":{"OID":421,"CID":1,"longitude":-62.329598820000001,"latitude":13.2939463}},{"type":"Feature","id":422,"geometry":{"type":"Point","coordinates":[-60.744746935265312,12.641081738335972]},"properties":{"OID":422,"CID":1,"longitude":-60.744746939999999,"latitude":12.641081740000001}},{"type":"Feature","id":423,"geometry":{"type":"Point","coordinates":[-62.634667750576064,13.988092463734041]},"properties":{"OID":423,"CID":1,"longitude":-62.634667749999998,"latitude":13.988092460000001}},{"type":"Feature","id":424,"geometry":{"type":"Point","coordinates":[-60.393059198275004,13.235046799791485]},"properties":{"OID":424,"CID":1,"longitude":-60.393059200000003,"latitude":13.235046799999999}},{"type":"Feature","id":425,"geometry":{"type":"Point","coordinates":[-61.291851817492102,12.63543169255788]},"properties":{"OID":425,"CID":1,"longitude":-61.291851819999998,"latitude":12.635431690000001}},{"type":"Feature","id":426,"geometry":{"type":"Point","coordinates":[-60.689678063171883,12.924816608162718]},"properties":{"OID":426,"CID":1,"longitude":-60.689678059999999,"latitude":12.924816610000001}},{"type":"Feature","id":427,"geometry":{"type":"Point","coordinates":[-62.286431577164258,13.114329758954266]},"properties":{"OID":427,"CID":1,"longitude":-62.286431579999999,"latitude":13.11432976}},{"type":"Feature","id":428,"geometry":{"type":"Point","coordinates":[-60.41894172773565,12.92482326771824]},"properties":{"OID":428,"CID":1,"longitude":-60.41894173,"latitude":12.924823269999999}},{"type":"Feature","id":429,"geometry":{"type":"Point","coordinates":[-60.813192079468763,12.935922264058217]},"properties":{"OID":429,"CID":1,"longitude":-60.81319208,"latitude":12.93592226}},{"type":"Feature","id":430,"geometry":{"type":"Point","coordinates":[-61.124817185304195,12.465293044629895]},"properties":{"OID":430,"CID":1,"longitude":-61.124817190000002,"latitude":12.465293040000001}},{"type":"Feature","id":431,"geometry":{"type":"Point","coordinates":[-63.302015828352992,13.664563768837347]},"properties":{"OID":431,"CID":1,"longitude":-63.302015830000002,"latitude":13.664563770000001}},{"type":"Feature","id":432,"geometry":{"type":"Point","coordinates":[-60.832849405283007,12.884560246937978]},"properties":{"OID":432,"CID":1,"longitude":-60.832849410000001,"latitude":12.88456025}},{"type":"Feature","id":433,"geometry":{"type":"Point","coordinates":[-61.677663602058708,12.918800389863971]},"properties":{"OID":433,"CID":1,"longitude":-61.677663600000002,"latitude":12.918800389999999}},{"type":"Feature","id":434,"geometry":{"type":"Point","coordinates":[-61.27280148601028,12.603234653681778]},"properties":{"OID":434,"CID":1,"longitude":-61.272801489999999,"latitude":12.603234649999999}},{"type":"Feature","id":435,"geometry":{"type":"Point","coordinates":[-60.99257240862498,13.050480892275187]},"properties":{"OID":435,"CID":1,"longitude":-60.992572410000001,"latitude":13.050480889999999}},{"type":"Feature","id":436,"geometry":{"type":"Point","coordinates":[-62.140112277786145,13.304129770734082]},"properties":{"OID":436,"CID":1,"longitude":-62.140112279999997,"latitude":13.304129769999999}},{"type":"Feature","id":437,"geometry":{"type":"Point","coordinates":[-61.33915251804757,13.396118756417364]},"properties":{"OID":437,"CID":1,"longitude":-61.339152519999999,"latitude":13.39611876}},{"type":"Feature","id":438,"geometry":{"type":"Point","coordinates":[-60.572141263400702,13.225077407715194]},"properties":{"OID":438,"CID":1,"longitude":-60.572141260000002,"latitude":13.225077410000001}},{"type":"Feature","id":439,"geometry":{"type":"Point","coordinates":[-61.402947021143063,13.284307603214657]},"properties":{"OID":439,"CID":1,"longitude":-61.402947019999999,"latitude":13.2843076}},{"type":"Feature","id":440,"geometry":{"type":"Point","coordinates":[-60.448911550416511,12.510858959747697]},"properties":{"OID":440,"CID":1,"longitude":-60.448911549999998,"latitude":12.51085896}},{"type":"Feature","id":441,"geometry":{"type":"Point","coordinates":[-61.230306343728458,13.327960114254427]},"properties":{"OID":441,"CID":1,"longitude":-61.230306339999998,"latitude":13.327960109999999}},{"type":"Feature","id":442,"geometry":{"type":"Point","coordinates":[-61.081883690316538,12.755423277826019]},"properties":{"OID":442,"CID":1,"longitude":-61.081883689999998,"latitude":12.75542328}},{"type":"Feature","id":443,"geometry":{"type":"Point","coordinates":[-62.249093145498946,13.180517857278707]},"properties":{"OID":443,"CID":1,"longitude":-62.24909315,"latitude":13.18051786}},{"type":"Feature","id":444,"geometry":{"type":"Point","coordinates":[-60.942648394776221,12.880617218735894]},"properties":{"OID":444,"CID":1,"longitude":-60.942648390000002,"latitude":12.88061722}},{"type":"Feature","id":445,"geometry":{"type":"Point","coordinates":[-61.165639704052857,12.891232548869009]},"properties":{"OID":445,"CID":1,"longitude":-61.1656397,"latitude":12.89123255}},{"type":"Feature","id":446,"geometry":{"type":"Point","coordinates":[-61.601060490247548,13.292015287246121]},"properties":{"OID":446,"CID":1,"longitude":-61.601060490000002,"latitude":13.29201529}},{"type":"Feature","id":447,"geometry":{"type":"Point","coordinates":[-62.537619081712997,13.237093173167159]},"properties":{"OID":447,"CID":1,"longitude":-62.537619079999999,"latitude":13.23709317}},{"type":"Feature","id":448,"geometry":{"type":"Point","coordinates":[-62.503737450804323,13.246270023693663]},"properties":{"OID":448,"CID":1,"longitude":-62.503737450000003,"latitude":13.246270020000001}},{"type":"Feature","id":449,"geometry":{"type":"Point","coordinates":[-62.122241171964305,12.955460840035476]},"properties":{"OID":449,"CID":1,"longitude":-62.122241170000002,"latitude":12.955460840000001}},{"type":"Feature","id":450,"geometry":{"type":"Point","coordinates":[-62.753592710667583,13.397749890513994]},"properties":{"OID":450,"CID":1,"longitude":-62.753592709999999,"latitude":13.39774989}},{"type":"Feature","id":451,"geometry":{"type":"Point","coordinates":[-61.970838377360259,13.351176289546265]},"properties":{"OID":451,"CID":1,"longitude":-61.970838379999996,"latitude":13.35117629}},{"type":"Feature","id":452,"geometry":{"type":"Point","coordinates":[-62.100363585365173,13.672864148426276]},"properties":{"OID":452,"CID":1,"longitude":-62.100363590000001,"latitude":13.672864150000001}},{"type":"Feature","id":453,"geometry":{"type":"Point","coordinates":[-62.549543629611499,13.359354365719845]},"properties":{"OID":453,"CID":1,"longitude":-62.549543630000002,"latitude":13.35935437}},{"type":"Feature","id":454,"geometry":{"type":"Point","coordinates":[-60.959032369289609,12.65701712446055]},"properties":{"OID":454,"CID":1,"longitude":-60.959032370000003,"latitude":12.657017120000001}},{"type":"Feature","id":455,"geometry":{"type":"Point","coordinates":[-61.41722730565273,13.178577204942099]},"properties":{"OID":455,"CID":1,"longitude":-61.417227310000001,"latitude":13.178577199999999}},{"type":"Feature","id":456,"geometry":{"type":"Point","coordinates":[-61.631294656573822,13.045562225456745]},"properties":{"OID":456,"CID":1,"longitude":-61.631294660000002,"latitude":13.04556223}},{"type":"Feature","id":457,"geometry":{"type":"Point","coordinates":[-62.507107961191359,13.201848037545933]},"properties":{"OID":457,"CID":1,"longitude":-62.507107959999999,"latitude":13.20184804}},{"type":"Feature","id":458,"geometry":{"type":"Point","coordinates":[-61.692299743388425,13.268223303153842]},"properties":{"OID":458,"CID":1,"longitude":-61.692299740000003,"latitude":13.268223300000001}},{"type":"Feature","id":459,"geometry":{"type":"Point","coordinates":[-62.031263296231764,13.029492459085663]},"properties":{"OID":459,"CID":1,"longitude":-62.031263299999999,"latitude":13.02949246}},{"type":"Feature","id":460,"geometry":{"type":"Point","coordinates":[-61.873368007861814,12.915109766702912]},"properties":{"OID":460,"CID":1,"longitude":-61.87336801,"latitude":12.915109770000001}},{"type":"Feature","id":461,"geometry":{"type":"Point","coordinates":[-62.786119234766815,13.957519448340046]},"properties":{"OID":461,"CID":1,"longitude":-62.786119229999997,"latitude":13.957519449999999}},{"type":"Feature","id":462,"geometry":{"type":"Point","coordinates":[-61.771102910178769,12.657231052149381]},"properties":{"OID":462,"CID":1,"longitude":-61.771102910000003,"latitude":12.65723105}},{"type":"Feature","id":463,"geometry":{"type":"Point","coordinates":[-60.66751592891832,12.397646115710128]},"properties":{"OID":463,"CID":1,"longitude":-60.66751593,"latitude":12.397646119999999}},{"type":"Feature","id":464,"geometry":{"type":"Point","coordinates":[-60.501109461659127,12.682339432451892]},"properties":{"OID":464,"CID":1,"longitude":-60.501109460000002,"latitude":12.682339430000001}},{"type":"Feature","id":465,"geometry":{"type":"Point","coordinates":[-61.655637357754813,12.728379573257103]},"properties":{"OID":465,"CID":1,"longitude":-61.65563736,"latitude":12.72837957}},{"type":"Feature","id":466,"geometry":{"type":"Point","coordinates":[-62.650448396781691,13.171107513991156]},"properties":{"OID":466,"CID":1,"longitude":-62.650448400000002,"latitude":13.171107510000001}},{"type":"Feature","id":467,"geometry":{"type":"Point","coordinates":[-62.198920589370651,12.953281325300342]},"properties":{"OID":467,"CID":1,"longitude":-62.19892059,"latitude":12.953281329999999}},{"type":"Feature","id":468,"geometry":{"type":"Point","coordinates":[-61.534621070274511,13.640931103272882]},"properties":{"OID":468,"CID":1,"longitude":-61.53462107,"latitude":13.6409311}},{"type":"Feature","id":469,"geometry":{"type":"Point","coordinates":[-60.656781180749029,12.250134729989334]},"properties":{"OID":469,"CID":1,"longitude":-60.656781180000003,"latitude":12.250134729999999}},{"type":"Feature","id":470,"geometry":{"type":"Point","coordinates":[-61.092237318345099,12.57267764552234]},"properties":{"OID":470,"CID":1,"longitude":-61.092237320000002,"latitude":12.572677649999999}},{"type":"Feature","id":471,"geometry":{"type":"Point","coordinates":[-61.878240610100057,13.532253676905558]},"properties":{"OID":471,"CID":1,"longitude":-61.878240609999999,"latitude":13.53225368}},{"type":"Feature","id":472,"geometry":{"type":"Point","coordinates":[-60.387766544708221,12.732267856202766]},"properties":{"OID":472,"CID":1,"longitude":-60.387766540000001,"latitude":12.73226786}},{"type":"Feature","id":473,"geometry":{"type":"Point","coordinates":[-61.222189103939087,12.472878116741613]},"properties":{"OID":473,"CID":1,"longitude":-61.222189100000001,"latitude":12.472878120000001}},{"type":"Feature","id":474,"geometry":{"type":"Point","coordinates":[-61.238697043266718,13.131008939842005]},"properties":{"OID":474,"CID":1,"longitude":-61.238697039999998,"latitude":13.131008939999999}},{"type":"Feature","id":475,"geometry":{"type":"Point","coordinates":[-61.842100388191653,13.392821477431006]},"properties":{"OID":475,"CID":1,"longitude":-61.842100389999999,"latitude":13.39282148}},{"type":"Feature","id":476,"geometry":{"type":"Point","coordinates":[-62.573879186491027,13.938996544080689]},"properties":{"OID":476,"CID":1,"longitude":-62.57387919,"latitude":13.93899654}},{"type":"Feature","id":477,"geometry":{"type":"Point","coordinates":[-61.669723910691992,13.203785553206306]},"properties":{"OID":477,"CID":1,"longitude":-61.669723910000002,"latitude":13.203785549999999}},{"type":"Feature","id":478,"geometry":{"type":"Point","coordinates":[-63.296144887915339,13.483098115490696]},"properties":{"OID":478,"CID":1,"longitude":-63.296144890000001,"latitude":13.483098119999999}},{"type":"Feature","id":479,"geometry":{"type":"Point","coordinates":[-60.391606325118218,12.396559094053648]},"properties":{"OID":479,"CID":1,"longitude":-60.391606330000002,"latitude":12.39655909}},{"type":"Feature","id":480,"geometry":{"type":"Point","coordinates":[-61.087240330881023,12.409321641644018]},"properties":{"OID":480,"CID":1,"longitude":-61.08724033,"latitude":12.40932164}},{"type":"Feature","id":481,"geometry":{"type":"Point","coordinates":[-63.027181255521405,13.695903131158325]},"properties":{"OID":481,"CID":1,"longitude":-63.027181259999999,"latitude":13.69590313}},{"type":"Feature","id":482,"geometry":{"type":"Point","coordinates":[-60.801438775616255,12.305170912862991]},"properties":{"OID":482,"CID":1,"longitude":-60.801438779999998,"latitude":12.305170909999999}},{"type":"Feature","id":483,"geometry":{"type":"Point","coordinates":[-63.109153211510197,13.717996761929481]},"properties":{"OID":483,"CID":1,"longitude":-63.109153210000002,"latitude":13.71799676}},{"type":"Feature","id":484,"geometry":{"type":"Point","coordinates":[-60.789342221002101,12.633520363199791]},"properties":{"OID":484,"CID":1,"longitude":-60.789342220000002,"latitude":12.63352036}},{"type":"Feature","id":485,"geometry":{"type":"Point","coordinates":[-63.024499201391691,13.471189239544696]},"properties":{"OID":485,"CID":1,"longitude":-63.024499200000001,"latitude":13.471189239999999}},{"type":"Feature","id":486,"geometry":{"type":"Point","coordinates":[-62.557501643016749,13.144672747741806]},"properties":{"OID":486,"CID":1,"longitude":-62.557501639999998,"latitude":13.14467275}},{"type":"Feature","id":487,"geometry":{"type":"Point","coordinates":[-62.836420672188908,13.625444286540997]},"properties":{"OID":487,"CID":1,"longitude":-62.836420670000003,"latitude":13.625444290000001}},{"type":"Feature","id":488,"geometry":{"type":"Point","coordinates":[-61.884631871818293,13.422192033159519]},"properties":{"OID":488,"CID":1,"longitude":-61.88463187,"latitude":13.42219203}},{"type":"Feature","id":489,"geometry":{"type":"Point","coordinates":[-60.565453712148937,13.292013073449345]},"properties":{"OID":489,"CID":1,"longitude":-60.56545371,"latitude":13.292013069999999}},{"type":"Feature","id":490,"geometry":{"type":"Point","coordinates":[-62.570140764791148,13.148541565285861]},"properties":{"OID":490,"CID":1,"longitude":-62.570140760000001,"latitude":13.148541570000001}},{"type":"Feature","id":491,"geometry":{"type":"Point","coordinates":[-63.061563277687746,13.743578984839814]},"properties":{"OID":491,"CID":1,"longitude":-63.061563280000001,"latitude":13.743578980000001}},{"type":"Feature","id":492,"geometry":{"type":"Point","coordinates":[-61.912774558042187,13.300422451657457]},"properties":{"OID":492,"CID":1,"longitude":-61.912774560000003,"latitude":13.300422449999999}},{"type":"Feature","id":493,"geometry":{"type":"Point","coordinates":[-61.298056093087318,13.007105979411085]},"properties":{"OID":493,"CID":1,"longitude":-61.298056090000003,"latitude":13.00710598}},{"type":"Feature","id":494,"geometry":{"type":"Point","coordinates":[-61.398630601829822,12.90584127453325]},"properties":{"OID":494,"CID":1,"longitude":-61.398630599999997,"latitude":12.90584127}},{"type":"Feature","id":495,"geometry":{"type":"Point","coordinates":[-61.015644861451499,12.409903608780075]},"properties":{"OID":495,"CID":1,"longitude":-61.015644860000002,"latitude":12.409903610000001}},{"type":"Feature","id":496,"geometry":{"type":"Point","coordinates":[-62.903470730061201,13.548584676903223]},"properties":{"OID":496,"CID":1,"longitude":-62.903470730000002,"latitude":13.548584679999999}},{"type":"Feature","id":497,"geometry":{"type":"Point","coordinates":[-62.57696904342037,13.614781049989999]},"properties":{"OID":497,"CID":1,"longitude":-62.576969040000002,"latitude":13.614781049999999}},{"type":"Feature","id":498,"geometry":{"type":"Point","coordinates":[-61.219364743193637,13.077779396351513]},"properties":{"OID":498,"CID":1,"longitude":-61.219364740000003,"latitude":13.077779400000001}},{"type":"Feature","id":499,"geometry":{"type":"Point","coordinates":[-61.015556414226936,13.260602886546764]},"properties":{"OID":499,"CID":1,"longitude":-61.015556410000002,"latitude":13.260602889999999}},{"type":"Feature","id":500,"geometry":{"type":"Point","coordinates":[-62.256149479429354,13.255957880560437]},"properties":{"OID":500,"CID":1,"longitude":-62.256149479999998,"latitude":13.25595788}}]}